person_id,nombre,url,familia,pais,pais_origen,fecha_nacimiento,lugar_nacimiento,fecha_fallecimiento,lugar_fallecimiento,nacionalidad,ocupacion,partido_politico,religion,residencia,padres,conyuge,pareja,hijos,hermanos,biografia_inicial,cargos,n_cargos,familiares,n_familiares,tipos_relacion,conexion_otros_paises,ano_nacimiento,ano_fallecimiento,cargo_1,cargo_2,cargo_3,partido_limpio,nacimiento_ano,fallecimiento_ano
amador_vaz_de_alpoim,Amador Vaz de Alpoim,https://es.wikipedia.org/wiki/Amador_Vaz_de_Alpoim,Familia Alpoim,argentina,argentina,1568 Isla de Santa María ( Portugal ),NA,1617 Buenos Aires ( Argentina ),NA,NA,Explorador,NA,NA,NA,NA,NA,NA,NA,NA,"Amador Vaz de Alpoim (1568–1617) fue un noble portugués , militar, [ 1 ] ​ conquistador y explorador de América del Sur . [ 2 ] ​  Fundó el linaje Cabral de Melo Alpoim en el Río de la Plata , descendiente de los primeros pobladores de las islas Azores . [ 3 ] ​",NA,NA,NA,NA,NA,NA,1568,1617,Conquistador,Explorador,NA,NA,1568,1617
manuel_cabral_de_melo_y_alpoin,Manuel Cabral de Melo y Alpoin,https://es.wikipedia.org/wiki/Manuel_Cabral_de_Melo_y_Alpoin,Familia Alpoim,argentina,argentina,"e/ 1.º y 4 de enero de 1591 Vila do Porto (de la isla de Santa María , archipiélago de las Azores ) Imperio luso - español",NA,"e/ 21 de junio y 21 de septiembre de 1676 Buenos Aires (capital de la gobernación del Río de la Plata , Virreinato del Perú ) Imperio español",NA,NA,"Militar , conquistador , poblador , hacendado , empresario agroindustrial , comerciante , funcionario y gobernante colonial",NA,Católico,NA,Amador Vaz de Alpoim (https://es.wikipedia.org/wiki/Amador_Vaz_de_Alpoim),Inés Arias de Mansilla y Espinosa Juana Delgado de Espinosa,NA,Véase: Descendencia,NA,"Manuel Cabral de Melo y Alpoin o bien Manuel Cabral de Alpoim ( Vila do Porto de la isla de Santa María de las Azores , Portugal de la Monarquía Hispánica , e/ 1.º y 4 de enero de 1591- Buenos Aires , gobernación del Río de la Plata , e/21 de junio y 21 de septiembre de 1676) era un noble portugués y militar luso - español , además de conquistador , poblador , hacendado , empresario agroindustrial , comerciante y funcionario , y que fuera nombrado como teniente de gobernador de Corrientes en dos períodos, desde 1629 hasta 1633 y desde 1634 hasta 1636, además de ser nombrado como alcalde de Corrientes en el año 1656.",NA,NA,NA,NA,NA,NA,1591,1676,Teniente de Gobernador de Corrientes,Alcalde de Corrientes,NA,NA,1591,1676
manuel_maciel_y_cabral_de_alpoin,Manuel Maciel y Cabral de Alpoin,https://es.wikipedia.org/wiki/Manuel_Maciel_y_Cabral_de_Alpoin,Familia Alpoim,argentina,argentina,"1690 Corrientes (de la tenencia de gobierno homónima , gobernación del Río de la Plata del Virreinato del Perú ) Imperio español",NA,"20 de octubre de 1764 Santa Fe (de la tenencia de gobierno homónima , gobernación del Río de la Plata del Virreinato del Perú ) Imperio español",NA,Española,"Militar , conquistador , explorador , hacendado , funcionario y gobernante colonial",NA,Católica,NA,NA,NA,NA,NA,NA,"Manuel Maciel y Cabral de Alpoin o simplemente Manuel Maciel y nacido como Manuel Maciel de la Cueva y Cabral de Melo y Alpoin ( Corrientes , 1690 - Santa Fe , 20 de octubre de 1764) fue un militar , explorador , burócrata , hacendado y funcionario de gobierno colonial español en la actual Argentina que, como capitán de caballería , ostentó el cargo de alcalde de la ciudad de Corrientes en 1714. Al cambiar su residencia a la tenencia de gobierno de Santa Fe en el primer cuarto del siglo XVIII , fue nombrado varias veces como alcalde de primer voto y juez de Rentas de la ciudad homónima en 1726, en 1734 y en 1747, además de regidor en esta segunda fecha. Designado procurador general de la misma urbe en 1737, fue el mentor de la proclamación de Santa Fe como « Puerto Preciso », con un dictamen favorable en 1739. Llegó a convertirse en maestre de campo general en 1741, al actuar en las campañas de pacificación de los aborígenes chaqueños . Era nieto del fidalgo portugués Manuel Cabral de Melo y Alpoin que fuera teniente de gobernador de Corrientes hasta principios de 1636 y también alcalde de la urbe en 1656.",NA,NA,NA,NA,NA,nacionalidad_distinta_al_pais,1690,1764,Alcalde de Corrientes,Alcalde de Santa Fe,Maestre de campo general,NA,1690,1764
jos_e_ignacio_de_gorriti,José Ignacio de Gorriti,https://es.wikipedia.org/wiki/Jos%C3%A9_Ignacio_de_Gorriti,Familia Zuviría,argentina,argentina,"30 de julio de 1770 San Salvador de Jujuy , Gobernación del Tucumán , Virreinato del Perú",NA,"10 de noviembre de 1835 (65 años) La Plata , Chuquisaca , Bolivia",NA,Argentina,Militar,Unitario,NA,NA,NA,Feliciana Zuviría,NA,Juana Manuela Gorriti (https://es.wikipedia.org/wiki/Juana_Manuela_Gorriti),NA,"José Ignacio de Gorriti , nacido como José Francisco Ignacio de Gorriti ( San Salvador de Jujuy , 30 de julio de 1770 - Chuquisaca , 10 de noviembre de 1835) fue un abogado , militar y político argentino , que se destacó por su ayuda y acción en la Guerra de Independencia de la Argentina . Fue reiteradas veces gobernador de la provincia de Salta y representó a esta provincia como diputado en el Congreso de Tucumán de 1816.",NA,NA,NA,NA,NA,mismo_pais,1770,1835,Gobernador de Salta,Diputado en el Congreso de Tucumán,NA,Unitario,1770,1835
juana_manuela_gorriti,Juana Manuela Gorriti,https://es.wikipedia.org/wiki/Juana_Manuela_Gorriti,Familia Zuviría,argentina,argentina,15 de junio de 1818 Rosario de la Frontera ( Provincias Unidas del Río de la Plata ),NA,6 de noviembre de 1892 (74 años) Buenos Aires ( Argentina ),NA,Argentina,Escritora y periodista,NA,NA,NA,José Ignacio Gorriti (https://es.wikipedia.org/wiki/Jos%C3%A9_Ignacio_Gorriti),Manuel Isidoro Belzu (https://es.wikipedia.org/wiki/Manuel_Isidoro_Belzu),NA,Mercedes Belzú de Dorado (https://es.wikipedia.org/wiki/Mercedes_Belz%C3%BA_de_Dorado),NA,"Juana Manuela Gorriti Zuviria ( Rosario de la Frontera , 15 de junio de 1818 [ 1 ] ​- Buenos Aires , 6 de noviembre de 1892) fue una escritora y cronista argentina , considerada la primera mujer novelista de la literatura argentina. Perteneciente al clan jujeño de los Gorriti , de importante actuación en la Independencia Argentina y en la Guerra Gaucha . Primera dama de Bolivia , esposa del presidente Manuel Belzú , fue testigo directo también de la consolidación de ese país. En su exilio en Lima continuó con su labor de tertulias culturales y sus escritos, fundando una revista cultural. Finalizó sus días en Buenos Aires, en su país natal.",NA,NA,NA,NA,NA,mismo_pais,1818,1892,Primera dama de Bolivia,NA,NA,NA,1818,1892
gustavo_mart_inez_zuvir_ia_hijo,Gustavo Martínez Zuviría (hijo),https://es.wikipedia.org/wiki/Gustavo_Mart%C3%ADnez_Zuvir%C3%ADa_%28hijo%29,Familia Zuviría,argentina,argentina,28 de diciembre de 1915 Santa Fe ( Argentina ),NA,27 de abril de 1991 (75 años) Santa Fe (Argentina) o Buenos Aires (Argentina),NA,Argentina,Militar y político,NA,NA,NA,NA,NA,NA,NA,NA,"Gustavo Adolfo Martínez Zuviría ( Santa Fe , 1915-1991) fue un militar argentino con actuación en la política. [ 2 ] ​ [ 3 ] ​ [ 4 ] ​",NA,NA,NA,NA,NA,mismo_pais,1915,1991,Militar argentino,Político argentino,NA,NA,1915,1991
jorge_mart_inez_zuvir_ia,Jorge Martínez Zuviría,https://es.wikipedia.org/wiki/Jorge_Mart%C3%ADnez_Zuvir%C3%ADa,Familia Zuviría,argentina,argentina,18 de agosto de 1920 Santa Fe ( Argentina ),NA,23 de julio de 2001 (80 años) Buenos Aires (Argentina),NA,Argentina,Oficial militar,NA,NA,NA,NA,NA,NA,NA,NA,"Jorge Miguel Martínez Zuviría ( Santa Fe , 18 de agosto de 1920- Buenos Aires , 23 de julio de 2001) [ 1 ] ​ fue un aviador militar argentino perteneciente a la Fuerza Aérea Argentina . Alcanzó la máxima jerarquía del escalafón aeronáutico y se desempeñó titular de dicha fuerza armada desde el 28 de agosto de 1968 hasta el 12 de marzo de 1970. [ 2 ] ​",NA,NA,NA,NA,NA,mismo_pais,1920,2001,Titular de la Fuerza Aérea Argentina,NA,NA,NA,1920,2001
horacio_velarde,Horacio Velarde,https://es.wikipedia.org/wiki/Horacio_Velarde,Familia Zuviría,argentina,argentina,"1915 Buenos Aires , Argentina",NA,"1939 (24 años) Buenos Aires , Argentina",NA,Argentina,Actor,NA,NA,NA,NA,NA,NA,NA,NA,"Horacio Velarde ( Buenos Aires , Argentina ; 1915 - ibídem , 1939) fue un galán muy famoso y prometedor de la época dorada cinematográfica argentina . Era sobrino del escritor Hugo Wast . [ 1 ] ​",NA,NA,NA,NA,NA,mismo_pais,1915,1939,NA,NA,NA,NA,1915,1939
hugo_wast,Hugo Wast,https://es.wikipedia.org/wiki/Hugo_Wast,Familia Zuviría,argentina,argentina,"23 de octubre de 1883 Córdoba , Argentina",NA,"28 de marzo de 1962 (78 años) Buenos Aires , Argentina",NA,Argentina,Político y escritor,Partido Demócrata Progresista,Católico,NA,NA,Matilde de Iriondo,NA,Gustavo Martínez Zuviría (h) (https://es.wikipedia.org/wiki/Gustavo_Mart%C3%ADnez_Zuvir%C3%ADa_(hijo)); Jorge Miguel Martínez Zuviría (https://es.wikipedia.org/wiki/Jorge_Miguel_Mart%C3%ADnez_Zuvir%C3%ADa),NA,"Gustavo Adolfo Martínez Zuviría , también conocido por su seudónimo Hugo Wast , ( Córdoba , 23 de octubre de 1883 - Buenos Aires , 28 de marzo de 1962) fue un escritor y político argentino . Alcanzó gran notoriedad en vida gracias al éxito comercial de sus novelas, de un tono costumbrista y nacionalista católico . También destacó por su acción política, especialmente a partir de la década de 1930, ejerciendo funciones públicas durante los gobiernos de la restauración conservadora , la dictadura del 43 y el peronismo .",NA,NA,NA,NA,NA,mismo_pais,1883,1962,Escritor,Político,NA,Partido Demócrata Progresista,1883,1962
facundo_zuvir_ia,Facundo Zuviría,https://es.wikipedia.org/wiki/Facundo_Zuvir%C3%ADa,Familia Zuviría,argentina,argentina,"26 de noviembre de 1794 Salta , Virreinato del Río de la Plata",NA,"19 de agosto de 1861 (66 años) Paraná , República Argentina",NA,Argentino,Jurisconsulto y político,Partido Unitario / liberal,NA,NA,Agustín Zuviría Marticorena Feliciana Castellanos de la Cerda y Plazaola Saravia,Isabel María Carlota de Lezama Quiñones,NA,"[Véase: "" Descendencia "" .]",NA,"Facundo de Zuviría nacido como José Facundo de Zuviría y Escobar Castellanos ( Salta , 26 de noviembre de 1794 - Paraná , Entre Ríos , 19 de agosto de 1861) fue un jurisconsulto y político argentino que como opositor a Juan Manuel de Rosas tuvo que exiliarse a Bolivia . Fue diputado y presidente del Congreso Nacional que culminaría con la sanción de la Constitución Argentina de 1853, además de haber sido senador nacional , ministro de Relaciones Exteriores y presidente nominal de la Corte Suprema de Justicia de la Nación Argentina .",NA,NA,NA,NA,NA,nacionalidad_distinta_al_pais,1794,1861,Presidente del Congreso Nacional,Senador nacional,Ministro de Relaciones Exteriores,Partido Unitario,1794,1861
jos_e_mar_ia_zuvir_ia,José María Zuviría,https://es.wikipedia.org/wiki/Jos%C3%A9_Mar%C3%ADa_Zuvir%C3%ADa,Familia Zuviría,argentina,argentina,1830 Salta ( Provincias Unidas del Río de la Plata ),NA,9 de noviembre de 1891 o 1891 Buenos Aires ( Argentina ),NA,Argentina,"Abogado , político , escritor y magistrado",NA,NA,NA,NA,NA,NA,NA,NA,"José María Zuviría ( Salta , 1830- Buenos Aires , 9 de noviembre de 1891) fue un abogado y político argentino . Fue diputado por la provincia de Catamarca en la primera legislatura del Congreso de la Confederación Argentina en 1854.",NA,NA,NA,NA,NA,mismo_pais,1830,1891,Diputado,NA,NA,NA,1830,1891
jos_e_ignacio_de_gorriti,José Ignacio de Gorriti,https://es.wikipedia.org/wiki/Jos%C3%A9_Ignacio_Gorriti,Familia Zuviría,argentina,argentina,"30 de julio de 1770 San Salvador de Jujuy , Gobernación del Tucumán , Virreinato del Perú",NA,"10 de noviembre de 1835 (65 años) La Plata , Chuquisaca , Bolivia",NA,Argentina,Militar,Unitario,NA,NA,NA,Feliciana Zuviría,NA,Juana Manuela Gorriti (https://es.wikipedia.org/wiki/Juana_Manuela_Gorriti),NA,"José Ignacio de Gorriti , nacido como José Francisco Ignacio de Gorriti ( San Salvador de Jujuy , 30 de julio de 1770 - Chuquisaca , 10 de noviembre de 1835) fue un abogado , militar y político argentino , que se destacó por su ayuda y acción en la Guerra de Independencia de la Argentina . Fue reiteradas veces gobernador de la provincia de Salta y representó a esta provincia como diputado en el Congreso de Tucumán de 1816.",NA,NA,NA,NA,NA,mismo_pais,1770,1835,Gobernador de Salta,Diputado en el Congreso de Tucumán,NA,Unitario,1770,1835
manuel_isidoro_belzu,Manuel Isidoro Belzu,https://es.wikipedia.org/wiki/Manuel_Isidoro_Belzu,Familia Zuviría,argentina,argentina,"14 de abril de 1808 La Paz , Virreinato del Río de la Plata , Imperio español",NA,Herida por arma de fuego,NA,Española (hasta 1823) Boliviana (desde 1825),Militar y político,Partido Popular,NA,NA,Gaspar Belzu Manuela Humérez,Juana Manuela Gorriti (https://es.wikipedia.org/wiki/Juana_Manuela_Gorriti),NA,Mercedes Belzú Gorriti (https://es.wikipedia.org/wiki/Mercedes_Belz%C3%BA_Gorriti),NA,"Manuel Isidoro Belzu Humérez ( La Paz , Imperio español ; 4 de abril de 1808 - La Paz, Bolivia ; 23 de marzo de 1865) fue un militar y político boliviano . Ocupó la presidencia de Bolivia desde el 6 de diciembre de 1848 hasta el 15 de agosto de 1855.",NA,NA,NA,NA,NA,nacionalidad_distinta_al_pais,1808,NA,Presidente de Bolivia,Militar,NA,Partido Popular,1808,1865
mercedes_belzu,Mercedes Belzu,https://es.wikipedia.org/wiki/Mercedes_Belz%C3%BA_de_Dorado,Familia Zuviría,argentina,argentina,1835 La Paz ( Bolivia ),NA,1880,NA,Boliviana,"Escritora , poetisa y traductora",NA,NA,Arequipa,Manuel Isidoro Belzu (https://es.wikipedia.org/wiki/Manuel_Isidoro_Belzu); Juana Manuela Gorriti (https://es.wikipedia.org/wiki/Juana_Manuela_Gorriti),NA,NA,NA,NA,"Mercedes Belzu Gorriti ( La Paz , República de Bolivia 1835 - Arequipa , República del Perú , 1879) fue una escritora , poetisa y traductora boliviana .",NA,NA,NA,NA,NA,nacionalidad_distinta_al_pais,1835,1880,NA,NA,NA,NA,1835,1880
jorge_mart_inez_zuvir_ia,Jorge Martínez Zuviría,https://es.wikipedia.org/wiki/Jorge_Miguel_Mart%C3%ADnez_Zuvir%C3%ADa,Familia Zuviría,argentina,argentina,18 de agosto de 1920 Santa Fe ( Argentina ),NA,23 de julio de 2001 (80 años) Buenos Aires (Argentina),NA,Argentina,Oficial militar,NA,NA,NA,NA,NA,NA,NA,NA,"Jorge Miguel Martínez Zuviría ( Santa Fe , 18 de agosto de 1920- Buenos Aires , 23 de julio de 2001) [ 1 ] ​ fue un aviador militar argentino perteneciente a la Fuerza Aérea Argentina . Alcanzó la máxima jerarquía del escalafón aeronáutico y se desempeñó titular de dicha fuerza armada desde el 28 de agosto de 1968 hasta el 12 de marzo de 1970. [ 2 ] ​",NA,NA,NA,NA,NA,mismo_pais,1920,2001,Titular de la Fuerza Aérea Argentina,NA,NA,NA,1920,2001
mercedes_belzu,Mercedes Belzu,https://es.wikipedia.org/wiki/Mercedes_Belz%C3%BA_Gorriti,Familia Zuviría,argentina,argentina,1835 La Paz ( Bolivia ),NA,1880,NA,Boliviana,"Escritora , poetisa y traductora",NA,NA,Arequipa,Manuel Isidoro Belzu (https://es.wikipedia.org/wiki/Manuel_Isidoro_Belzu); Juana Manuela Gorriti (https://es.wikipedia.org/wiki/Juana_Manuela_Gorriti),NA,NA,NA,NA,"Mercedes Belzu Gorriti ( La Paz , República de Bolivia 1835 - Arequipa , República del Perú , 1879) fue una escritora , poetisa y traductora boliviana .",NA,NA,NA,NA,NA,nacionalidad_distinta_al_pais,1835,1880,NA,NA,NA,NA,1835,1880
colecci_on_de_arte_amalia_lacroze_de_fortabat,Colección de Arte Amalia Lacroze de Fortabat,https://es.wikipedia.org/wiki/Colecci%C3%B3n_de_Arte_Amalia_Lacroze_de_Fortabat,Familia Fortabat,argentina,argentina,NA,NA,NA,NA,NA,NA,NA,NA,NA,NA,NA,NA,NA,NA,NA,NA,NA,NA,NA,NA,NA,NA,NA,NA,NA,NA,NA,NA,NA
alfredo_fortabat,Alfredo Fortabat,https://es.wikipedia.org/wiki/Alfredo_Fortabat,Familia Fortabat,argentina,argentina,"13 de mayo de 1894 Azul , Argentina",NA,"10 de enero de 1976 (81 años) Buenos Aires , Argentina",NA,Argentino,Empresario,NA,NA,NA,Elena Pourtalé Luciano Fortabat,Amalia Lacroze (https://es.wikipedia.org/wiki/Amalia_Lacroze_de_Fortabat),NA,NA,NA,"Alfredo Fortabat ( Azul , Buenos Aires ; 13 de mayo de 1894 - Buenos Aires ; 10 de enero de 1976) fue un empresario argentino , fundador de la compañía cementera Loma Negra C.I.A.S.A. [ 1 ] ​",NA,NA,NA,NA,NA,nacionalidad_distinta_al_pais,1894,1976,Fundador de Loma Negra,NA,NA,NA,1894,1976
amalia_lacroze_de_fortabat,Amalia Lacroze de Fortabat,https://es.wikipedia.org/wiki/Amalia_Lacroze_de_Fortabat,Familia Fortabat,argentina,argentina,15 de agosto de 1921 Buenos Aires ( Argentina ),NA,18 de febrero de 2012 (90 años) Buenos Aires (Argentina),NA,Argentina,"Empresaria , coleccionista",NA,NA,Nueva York,Amalia Reyes Oribe Alberto Daniel Lacroze Gowland,Alfredo Fortabat (https://es.wikipedia.org/wiki/Alfredo_Fortabat),NA,María Inés de Lafuente (https://es.wikipedia.org/wiki/In%C3%A9s_Lafuente),NA,NA,NA,NA,NA,NA,NA,mismo_pais,1921,2012,NA,NA,NA,NA,1921,2012
in_es_lafuente,Inés Lafuente,https://es.wikipedia.org/wiki/In%C3%A9s_Lafuente,Familia Fortabat,argentina,argentina,"14 de abril de 1944 Buenos Aires , Argentina",NA,"11 de septiembre de 2015 (71 años) Buenos Aires , Argentina",NA,Argentina,"Empresaria , filántropa",NA,NA,NA,María Amalia Sara Lacroze Reyes (https://es.wikipedia.org/wiki/Amalia_Lacroze_de_Fortabat),Julio Aurelio Amoedo (https://es.wikipedia.org/wiki/Julio_Aurelio_Amoedo),NA,Amalia Amoedo (https://es.wikipedia.org/wiki/Amalia_Amoedo),NA,"María Inés de Lafuente ( Buenos Aires , 14 de abril de 1944- Buenos Aires , 11 de septiembre de 2015) fue una empresaria y mecenas argentina, hija de Amalita Fortabat , quien fuera mujer del industrial Alfredo Fortabat .",NA,NA,NA,NA,NA,mismo_pais,1944,2015,NA,NA,NA,NA,1944,2015
loma_negra,Loma Negra,https://es.wikipedia.org/wiki/Loma_Negra,Familia Fortabat,argentina,argentina,NA,NA,NA,NA,NA,NA,NA,NA,NA,NA,NA,NA,NA,NA,NA,NA,NA,NA,NA,NA,NA,NA,NA,NA,NA,NA,NA,NA,NA
julio_aurelio_amoedo,Julio Aurelio Amoedo,https://es.wikipedia.org/wiki/Julio_Aurelio_Amoedo,Familia Fortabat,argentina,argentina,"24 de mayo de 1915 Buenos Aires , Argentina",NA,"8 de julio de 1996 (82 años) Buenos Aires , Argentina",NA,Argentina,Político,Partido Demócrata Nacional Partido Conservador Popular,NA,NA,Aurelio Amoedo (https://es.wikipedia.org/wiki/Aurelio_Amoedo),Inés Lafuente (https://es.wikipedia.org/wiki/In%C3%A9s_Lafuente),NA,NA,NA,"Julio Aurelio Amoedo ( Buenos Aires , 24 de mayo de 1915 - 8 de julio de 1996) fue un dirigente político argentino vinculado al peronismo . Miembro del Partido Conservador Popular , ocupó una banca en el Senado de la Nación , por la Provincia de Catamarca desde 1983 a 1992. [ 1 ] ​",NA,NA,NA,NA,NA,mismo_pais,1915,1996,Senador,NA,NA,Partido Conservador Popular,1915,1996
amalia_amoedo,Amalia Amoedo,https://es.wikipedia.org/wiki/Amalia_Amoedo,Familia Fortabat,argentina,argentina,"30 de diciembre de 1976 (49 años) Buenos Aires , Argentina",NA,NA,NA,Argentina,"Filántropa, coleccionista de arte, artista visual",NA,NA,NA,Inés Lafuente (https://es.wikipedia.org/wiki/In%C3%A9s_Lafuente); Julio Amoedo (https://es.wikipedia.org/wiki/Julio_Amoedo),NA,NA,NA,NA,"Amalia Adriana Amoedo (Buenos Aires, 30 de diciembre de 1976) [ 1 ] ​es una filántropa, coleccionista de arte y artista visual argentina. Es fundadora y presidenta de la Fundación Ama Amoedo , organización sin fines de lucro dedicada a la promoción de las artes visuales en América Latina.",NA,NA,NA,NA,NA,mismo_pais,1976,NA,Presidenta de la Fundación Ama Amoedo,NA,NA,NA,1976,NA
aurelio_amoedo,Aurelio Amoedo,https://es.wikipedia.org/wiki/Aurelio_Amoedo,Familia Fortabat,argentina,argentina,27 de agosto de 1882 Buenos Aires ( Argentina ),NA,6 de abril de 1951 (68 años),NA,Argentina,abogado,Partido Demócrata Nacional,NA,NA,NA,Filomena Ginistri,NA,Julio Aurelio Amoedo (https://es.wikipedia.org/wiki/Julio_Aurelio_Amoedo),NA,"Aurelio F. Amoedo ( Marcos Paz (Buenos Aires) 27 de agosto de 1882 - Buenos Aires , 6 de abril de 1951) fue un político argentino , vicegobernador de la provincia de Buenos Aires entre 1936 y 1940. [ 1 ] ​",NA,NA,NA,NA,NA,mismo_pais,1882,1951,Vicegobernador de Buenos Aires,NA,NA,Partido Demócrata Nacional,1882,1951
julio_aurelio_amoedo,Julio Aurelio Amoedo,https://es.wikipedia.org/wiki/Julio_Amoedo,Familia Fortabat,argentina,argentina,"24 de mayo de 1915 Buenos Aires , Argentina",NA,"8 de julio de 1996 (82 años) Buenos Aires , Argentina",NA,Argentina,Político,Partido Demócrata Nacional Partido Conservador Popular,NA,NA,Aurelio Amoedo (https://es.wikipedia.org/wiki/Aurelio_Amoedo),Inés Lafuente (https://es.wikipedia.org/wiki/In%C3%A9s_Lafuente),NA,NA,NA,"Julio Aurelio Amoedo ( Buenos Aires , 24 de mayo de 1915 - 8 de julio de 1996) fue un dirigente político argentino vinculado al peronismo . Miembro del Partido Conservador Popular , ocupó una banca en el Senado de la Nación , por la Provincia de Catamarca desde 1983 a 1992. [ 1 ] ​",NA,NA,NA,NA,NA,mismo_pais,1915,1996,Senador,NA,NA,Partido Conservador Popular,1915,1996
ana_mar_ia_salvadora_de_ot_alora_y_ribero,Ana María Salvadora de Otálora y Ribero,https://es.wikipedia.org/wiki/Ana_Mar%C3%ADa_Salvadora_de_Ot%C3%A1lora_y_Ribero,Familia Otálora,argentina,argentina,"Abril de 1762 Buenos Aires , Gobernación del Río de la Plata , Imperio Español",NA,"1857 Zárate , Provincia de Buenos Aires , Confederación Argentina",NA,Argentina,NA,NA,NA,NA,José Antonio Gregorio de Otálora (https://es.wikipedia.org/wiki/Jos%C3%A9_Antonio_Gregorio_de_Ot%C3%A1lora),Benito González Ribadavia (https://es.wikipedia.org/wiki/Benito_Gonz%C3%A1lez_Ribadavia),NA,NA,NA,"Ana María Salvadora Otálora del Ribero , hija de una de las familias más prominentes del Buenos Aires español, fue la segunda esposa de Benito González Ribadavia , padre de Santiago y Bernardino Rivadavia .",NA,NA,NA,NA,NA,mismo_pais,1762,1857,NA,NA,NA,NA,1762,1857
felipe_santiago_ignacio_de_ot_alora_y_del_ribero,Felipe Santiago Ignacio de Otálora y del Ribero,https://es.wikipedia.org/wiki/Felipe_Santiago_Ignacio_de_Ot%C3%A1lora_y_del_Ribero,Familia Otálora,argentina,argentina,"Abril de 1770 Buenos Aires , Gobernación del Río de la Plata , Imperio Español",NA,"19 de julio de 1818 Buenos Aires , Provincias Unidas del Río de la Plata",NA,Argentina,Hacendado,NA,NA,NA,José Antonio Gregorio de Otálora (https://es.wikipedia.org/wiki/Jos%C3%A9_Antonio_Gregorio_de_Ot%C3%A1lora),Mercedes Soler y Otálora,NA,Felipe Lucas,NA,Felipe Santiago Ignacio de Otálora y del Ribero fue un importante hacendado de la provincia de Buenos Aires en los últimos años del Virreinato y los primeros de las Provincias Unidas del Río de la Plata .,NA,NA,NA,NA,NA,mismo_pais,1770,1818,Hacendado,NA,NA,NA,1770,1818
jos_e_antonio_gregorio_de_ot_alora,José Antonio Gregorio de Otálora,https://es.wikipedia.org/wiki/Jos%C3%A9_Antonio_Gregorio_de_Ot%C3%A1lora,Familia Otálora,argentina,argentina,"Mayo de 1732 ciudad de Buenos Aires , Gobernación del Río de la Plata , Imperio Español",NA,20 de noviembre de 1815 Buenos Aires,NA,Argentina,"Funcionario , militar , comerciante y hacendado",NA,NA,NA,Juan Gregorio de Otálora y Juana María de Larrazábal y Avellaneda,Josefa del Ribero y Cossio,NA,Ana María (https://es.wikipedia.org/wiki/Ana_Mar%C3%ADa_Salvadora_de_Ot%C3%A1lora_y_Ribero); José Antonio Gregorio Eustaquio (https://es.wikipedia.org/wiki/Jos%C3%A9_Antonio_Gregorio_Eustaquio_de_Ot%C3%A1lora_y_Ribero); Felipe (https://es.wikipedia.org/wiki/Felipe_Santiago_Ignacio_de_Ot%C3%A1lora_y_del_Ribero); María Saturnina Bárbara de Otálora y Ribero (https://es.wikipedia.org/wiki/Mar%C3%ADa_Saturnina_B%C3%A1rbara_de_Ot%C3%A1lora_y_Ribero),NA,"José Antonio Gregorio de Otálora ( Buenos Aires , Gobernación del Río de la Plata , Imperio Español , mayo de 1732- Buenos Aires , 20 de noviembre de 1815) fue funcionario , militar , y uno de los más ricos e influyentes comerciantes y hacendados de Buenos Aires de la última mitad del siglo XVIII y comienzos del siguiente.",NA,NA,NA,NA,NA,mismo_pais,1732,1815,Funcionario,Militar,NA,NA,1732,1815
jos_e_antonio_gregorio_eustaquio_de_ot_alora_y_del_ribero,José Antonio Gregorio Eustaquio de Otálora y del Ribero,https://es.wikipedia.org/wiki/Jos%C3%A9_Antonio_Gregorio_Eustaquio_de_Ot%C3%A1lora_y_del_Ribero,Familia Otálora,argentina,argentina,"Septiembre de 1767 Buenos Aires , Gobernación del Río de la Plata , Imperio Español",NA,Siglo XIX,NA,Argentina,hacendado y militar,NA,NA,NA,José Antonio Gregorio de Otálora (https://es.wikipedia.org/wiki/Jos%C3%A9_Antonio_Gregorio_de_Ot%C3%A1lora),Josefa Leonarda de Aoiz y Larrazábal,NA,NA,NA,José Antonio Gregorio Eustaquio de Otálora y del Ribero fue un militar e importante hacendado de la provincia de Buenos Aires en los primeros años de las Provincias Unidas del Río de la Plata .,NA,NA,NA,NA,NA,mismo_pais,1767,NA,Militar,Hacendado,NA,NA,1767,NA
mar_ia_saturnina_b_arbara_de_ot_alora_y_ribero,María Saturnina Bárbara de Otálora y Ribero,https://es.wikipedia.org/wiki/Mar%C3%ADa_Saturnina_B%C3%A1rbara_de_Ot%C3%A1lora_y_Ribero,Familia Otálora,argentina,argentina,"noviembre de 1771 Buenos Aires , Gobernación del Río de la Plata , Imperio Español",NA,"13 de agosto de 1842 (70 años) Buenos Aires , Confederación Argentina",NA,Argentina,Dama Patricia,NA,NA,NA,José Antonio Gregorio de Otálora (https://es.wikipedia.org/wiki/Jos%C3%A9_Antonio_Gregorio_de_Ot%C3%A1lora),Cornelio Saavedra (https://es.wikipedia.org/wiki/Cornelio_Saavedra),NA,Mariano Eusebio (https://es.wikipedia.org/wiki/Mariano_Saavedra),NA,"Saturnina Bárbara Otálora y del Ribero ( Buenos Aires , Gobernación del Río de la Plata , Imperio Español , noviembre de 1771 - Buenos Aires , Confederación Argentina , 13 de agosto de 1842) fue una Patricia argentina , hija de una de las familias más prominentes del Buenos Aires colonial, fue la segunda esposa de Cornelio Saavedra , primer presidente tras la Revolución de Mayo .",NA,NA,NA,NA,NA,mismo_pais,1771,1842,Patricia argentina,Esposa de Cornelio Saavedra,NA,NA,1771,1842
bernardino_rivadavia,Bernardino Rivadavia,https://es.wikipedia.org/wiki/Bernardino_Rivadavia,Familia Otálora,argentina,argentina,"20 de mayo de 1780 Buenos Aires , virreinato del Río de la Plata , Imperio español",NA,Accidente cerebrovascular,NA,Argentina,Político,Partido Unitario,NA,NA,Benito Rivadavia (https://es.wikipedia.org/wiki/Benito_Rivadavia),Juana del Pino y Vera Mujica (https://es.wikipedia.org/wiki/Juana_del_Pino),NA,4 [ 3 ] ​,NA,"Bernardino de la Trinidad González de Rivadavia y Rodríguez de Rivadavia ( Buenos Aires , 20 de mayo de 1780- Cádiz , 2 de septiembre de 1845) fue un político argentino que jugó un rol importante en los gobiernos establecidos tras la Revolución de Mayo , especialmente entre 1821 y 1827, años conocidos como época de Rivadavia . Su política decisivamente favorable a un sistema unitario llevó a divisiones internas que imposibilitaron la formación de un gobierno central.",NA,NA,NA,NA,NA,mismo_pais,1780,NA,Presidente de Argentina,Gobernador de Buenos Aires,NA,Partido Unitario,1780,1845
santiago_rivadavia,Santiago Rivadavia,https://es.wikipedia.org/wiki/Santiago_Rivadavia,Familia Otálora,argentina,argentina,"23 de mayo de 1784 Buenos Aires , virreinato del Río de la Plata , Imperio Español",NA,"26 de febrero de 1823 Buenos Aires , Provincias Unidas del Río de la Plata",NA,Argentino,Comerciante y político,NA,NA,NA,Benito Rivadavia (https://es.wikipedia.org/wiki/Benito_Rivadavia),NA,NA,NA,NA,"Santiago Rivadavia , hermano menor de Bernardino Rivadavia , fue un influyente comerciante y político en la ciudad de Buenos Aires durante los primeros años de las Provincias Unidas del Río de la Plata .",NA,NA,NA,NA,NA,nacionalidad_distinta_al_pais,1784,1823,Comerciante,Político,NA,NA,1784,1823
mariano_saavedra,Mariano Saavedra,https://es.wikipedia.org/wiki/Mariano_Saavedra,Familia Otálora,argentina,argentina,"17 de agosto de 1810 Buenos Aires , Provincias Unidas del Río de la Plata",NA,"9 de febrero de 1883 (72 años) Buenos Aires , Argentina",NA,Argentina,Abogado,NA,Católico,NA,Cornelio Saavedra (https://es.wikipedia.org/wiki/Cornelio_Saavedra); María Saturnina Bárbara de Otálora y Ribero (https://es.wikipedia.org/wiki/Mar%C3%ADa_Saturnina_B%C3%A1rbara_de_Ot%C3%A1lora_y_Ribero),Carmen de Zavaleta [ 1 ] ​,NA,NA,NA,"Mariano Saavedra ( Buenos Aires , 17 de agosto de 1810 [ 1 ] ​ - 9 de febrero de 1883) fue un abogado y político argentino , dos veces gobernador de la provincia de Buenos Aires .",NA,NA,NA,NA,NA,mismo_pais,1810,1883,Gobernador de Buenos Aires,null,null,null,1810,1883
benito_rivadavia,Benito Rivadavia,https://es.wikipedia.org/wiki/Benito_Gonz%C3%A1lez_Ribadavia,Familia Otálora,argentina,argentina,7 de febrero de 1747 Monforte de Lemos ( España ),NA,28 de septiembre de 1816 (69 años) Buenos Aires ( Argentina ),NA,Española,Militar,NA,NA,NA,NA,María Josefa de Jesús Rodríguez de Ribadavia y Rivadeneyra Ana María Salvadora de Otálora y Ribero,NA,Bernardino Rivadavia (https://es.wikipedia.org/wiki/Bernardino_Rivadavia); Santiago Rivadavia (https://es.wikipedia.org/wiki/Santiago_Rivadavia),NA,"Benito Bernardino González Ribadavia ( Monforte de Lemos , España , 7 de febrero de 1747 - Buenos Aires , Provincias Unidas del Río de la Plata , 28 de septiembre de 1816), más conocido como Benito Rivadavia , fue un abogado y comerciante español establecido en el Virreinato del Río de la Plata , que ejerció cargos públicos y actuó como militar ante las invasiones inglesas .",NA,NA,NA,NA,NA,nacionalidad_distinta_al_pais,1747,1816,Abogado,Comerciante,Militar,NA,1747,1816
jos_e_antonio_gregorio_eustaquio_de_ot_alora_y_del_ribero,José Antonio Gregorio Eustaquio de Otálora y del Ribero,https://es.wikipedia.org/wiki/Jos%C3%A9_Antonio_Gregorio_Eustaquio_de_Ot%C3%A1lora_y_Ribero,Familia Otálora,argentina,argentina,"Septiembre de 1767 Buenos Aires , Gobernación del Río de la Plata , Imperio Español",NA,Siglo XIX,NA,Argentina,hacendado y militar,NA,NA,NA,José Antonio Gregorio de Otálora (https://es.wikipedia.org/wiki/Jos%C3%A9_Antonio_Gregorio_de_Ot%C3%A1lora),Josefa Leonarda de Aoiz y Larrazábal,NA,NA,NA,José Antonio Gregorio Eustaquio de Otálora y del Ribero fue un militar e importante hacendado de la provincia de Buenos Aires en los primeros años de las Provincias Unidas del Río de la Plata .,NA,NA,NA,NA,NA,mismo_pais,1767,NA,Militar,Hacendado,NA,NA,1767,NA
cornelio_saavedra,Cornelio Saavedra,https://es.wikipedia.org/wiki/Cornelio_Saavedra,Familia Otálora,argentina,argentina,"15 de septiembre de 1759 Otuyo , corregimiento de Potosí , provincia de Charcas , virreinato del Perú , Imperio español",NA,"29 de marzo de 1829 (69 años) Buenos Aires , Provincias Unidas del Río de la Plata",NA,Rioplatense,"Comerciante , militar , político y hacendado",Ejércitos patriotas,Católica,NA,Santiago Felipe de Saavedra Teresa Rodríguez,María Saturnina Bárbara de Otálora y Ribero (https://es.wikipedia.org/wiki/Mar%C3%ADa_Saturnina_B%C3%A1rbara_de_Ot%C3%A1lora_y_Ribero),NA,Mariano Saavedra (https://es.wikipedia.org/wiki/Mariano_Saavedra),NA,NA,NA,NA,NA,NA,NA,nacionalidad_distinta_al_pais,1759,1829,Presidente de las Provincias Unidas del Río de la Plata,Comandante en jefe del Ejército del Norte,NA,Ejércitos patriotas,1759,1829
benito_rivadavia,Benito Rivadavia,https://es.wikipedia.org/wiki/Benito_Rivadavia,Familia Otálora,argentina,argentina,7 de febrero de 1747 Monforte de Lemos ( España ),NA,28 de septiembre de 1816 (69 años) Buenos Aires ( Argentina ),NA,Española,Militar,NA,NA,NA,NA,María Josefa de Jesús Rodríguez de Ribadavia y Rivadeneyra Ana María Salvadora de Otálora y Ribero,NA,Bernardino Rivadavia (https://es.wikipedia.org/wiki/Bernardino_Rivadavia); Santiago Rivadavia (https://es.wikipedia.org/wiki/Santiago_Rivadavia),NA,"Benito Bernardino González Ribadavia ( Monforte de Lemos , España , 7 de febrero de 1747 - Buenos Aires , Provincias Unidas del Río de la Plata , 28 de septiembre de 1816), más conocido como Benito Rivadavia , fue un abogado y comerciante español establecido en el Virreinato del Río de la Plata , que ejerció cargos públicos y actuó como militar ante las invasiones inglesas .",NA,NA,NA,NA,NA,nacionalidad_distinta_al_pais,1747,1816,Abogado,Comerciante,Militar,NA,1747,1816
juana_del_pino,Juana del Pino,https://es.wikipedia.org/wiki/Juana_del_Pino,Familia Otálora,argentina,argentina,"28 de diciembre de 1786 Montevideo , Virreinato del Río de la Plata , Imperio Español",NA,Sepsis,NA,Argentina,Dama de Beneficencia y Política,NA,NA,NA,Joaquín del Pino Sánchez de Rozas Romero y Negrete (https://es.wikipedia.org/wiki/Joaqu%C3%ADn_del_Pino); Rafaela de Vera Mujica y López Pintado (https://es.wikipedia.org/wiki/Rafaela_de_Vera_Mujica_y_L%C3%B3pez_Pintado),Bernardino Rivadavia (https://es.wikipedia.org/wiki/Bernardino_Rivadavia),NA,"José Joaquín, Constancia,Bernardino Donato,Martín.",NA,"Juana Josefa Joaquina del Pino y Vera Mujica ( Montevideo , Banda Oriental , 28 de diciembre de 1786 - Río de Janeiro , Imperio del Brasil , 14 de diciembre de 1841) fue la primera dama de Argentina entre 1826 y 1827 por su matrimonio con el primer presidente argentino Bernardino Rivadavia e hija del Virrey del Río de la Plata Joaquín del Pino . [ 1 ] ​",NA,NA,NA,NA,NA,mismo_pais,1786,NA,Primera Dama de Argentina,NA,NA,NA,1786,1841
joaqu_in_del_pino,Joaquín del Pino,https://es.wikipedia.org/wiki/Joaqu%C3%ADn_del_Pino,Familia Otálora,argentina,argentina,"20 de enero de 1729 Baena de Córdoba , Reino de España",NA,"11 de abril de 1804 (75 años) Buenos Aires , Virreinato del Río de la Plata , Reino de España",NA,Española,Político y militar,NA,Católico,NA,NA,María Ignacia Ramery Echarry (1763-1780) Rafaela Francisca de Vera Mujica y López Pintado (1783-1804),NA,Juana del Pino (https://es.wikipedia.org/wiki/Juana_del_Pino),NA,"Joaquín del Pino Sánchez de Rozas Romero y Negrete , conocido como Joaquín del Pino y Rozas [ 1 ] ​ o Joaquín del Pino y Sánchez [ 2 ] ​ ( Baena , 20 de enero de 1729 - Buenos Aires , 11 de abril de 1804), fue un ingeniero militar y político español , que ocupó varios cargos importantes en la administración colonial de Hispanoamérica hasta llegar a ser virrey del Río de la Plata entre los años 1801 y 1804.",NA,NA,NA,NA,NA,nacionalidad_distinta_al_pais,1729,1804,Virrey del Río de la Plata,Ingeniero militar,NA,NA,1729,1804
rafaela_de_vera_mujica_y_l_opez_pintado,Rafaela de Vera Mujica y López Pintado,https://es.wikipedia.org/wiki/Rafaela_de_Vera_Mujica_y_L%C3%B3pez_Pintado,Familia Otálora,argentina,argentina,"24 de octubre de 1753 [[Ciudad de Santa Fe (Argentina)|Santa Fe]], actual Argentina",NA,"1 de julio de 1816 (62 años) Buenos Aires , Argentina",NA,NA,NA,NA,Católica,NA,Juana Ventura López Pintado,NA,NA,Juana del Pino (https://es.wikipedia.org/wiki/Juana_del_Pino),NA,"Rafaela Francisca de Vera Mujica y López Pintado [ 1 ] ​ [ 2 ] ​ ( Santa Fe de la Vera Cruz , 24 de octubre de 1753- Buenos Aires , Argentina ; 1 de julio de 1816) fue una Aristócrata Rioplatense, hija del general Francisco Antonio de Vera y Mujica y de Juana López Pintado. De noble linaje, era descendiente del conquistador Jerónimo de Cabrera, quien fundó la ciudad de Córdoba en Argentina. En 1783 se casó por poderes con el coronel de ingenieros y gobernador de Montevideo , Joaquín del Pino , viudo de María Ignacia Rameri y padre de seis hijos, que con Rafaela tendrá luego ocho más. En 1801, al asumir su esposo como virrey se convirtió en la segunda virreina consorte del Río de la Plata de origen criollo después de Ana de Azcuénaga de Olaguer Feliú . Fue la única santafesina esposa de un virrey, por lo que se llamó virreina.",NA,NA,NA,NA,NA,NA,1753,1816,Virreina consorte del Río de la Plata,NA,NA,NA,1753,1816
isabel_macedo,Isabel Macedo,https://es.wikipedia.org/wiki/Isabel_Macedo,Familia Urtubey,argentina,argentina,2 de agosto de 1975 (50 años) Buenos Aires ( Argentina ),NA,NA,NA,argentina,"Actriz, modelo y empresaria",NA,Catolicismo,NA,NA,Juan Manuel Urtubey (https://es.wikipedia.org/wiki/Juan_Manuel_Urtubey),NA,2,NA,"María Isabel Macedo ( Buenos Aires , 2 de agosto de 1975) es una actriz, modelo y empresaria argentina reconocida por sus personajes de villana en telenovelas , series y películas . [ 1 ] ​ Entre sus participaciones más destacadas en televisión se encuentran las tiras Verano del '98 , Floricienta , Alma pirata , Don Juan y su bella dama , Botineras , Dance! , Graduados , Guapas , Amar después de amar , Margarita y las miniseries El hombre de tu vida , Fronteras y Sandro de América y en cine, la película Gigantes de Valdés . Desde el 24 de septiembre de 2016 hasta el 10 de diciembre de 2019 fue la primera dama de la Provincia de Salta , al contraer matrimonio con Juan Manuel Urtubey , gobernador de la Provincia de Salta.",NA,NA,NA,NA,NA,mismo_pais,1975,NA,Primera Dama de Salta,NA,NA,NA,1975,NA
alejandro_urtubey,Alejandro Urtubey,https://es.wikipedia.org/wiki/Alejandro_Urtubey,Familia Urtubey,argentina,argentina,12 de julio de 1960 (65 años) Salta ( Argentina ),NA,NA,NA,Argentina,Piloto de automovilismo y empresario,NA,NA,NA,NA,NA,NA,NA,NA,"Alejandro Urtubey ( Salta , 12 de julio de 1960) es un piloto argentino de automovilismo de velocidad retirado y actualmente empresario.",NA,NA,NA,NA,NA,mismo_pais,1960,NA,Piloto de automovilismo,NA,NA,NA,1960,NA
clodomiro_urtubey,Clodomiro Urtubey,https://es.wikipedia.org/wiki/Clodomiro_Urtubey,Familia Urtubey,argentina,argentina,1840 Buenos Aires ( Confederación Argentina ),NA,"30 de agosto de 1902 Hassocks ( Sussex Occidental , Inglaterra , Reino Unido )",NA,Argentina,Militar,NA,NA,NA,NA,NA,NA,NA,NA,"Clodomiro Urtubey ( Buenos Aires , Argentina ; 1840- Hassocks , Reino Unido , 30 de agosto de 1902) fue un marino argentino que luchó en la guerra entre la Confederación Argentina y el Estado de Buenos Aires y en la guerra de la Triple Alianza . Fue fundador y primer director de la Escuela Naval Militar .",NA,NA,NA,NA,NA,mismo_pais,1840,1902,Marino argentino,Fundador de la Escuela Naval Militar,NA,NA,1840,1902
juan_manuel_urtubey,Juan Manuel Urtubey,https://es.wikipedia.org/wiki/Juan_Manuel_Urtubey,Familia Urtubey,argentina,argentina,"6 de septiembre de 1969 (56 años) Ciudad de Salta , Argentina",NA,NA,NA,Argentina,"Político , abogado , empresario y profesor",Partido Justicialista (hasta 2023) Partido Tercera Posición (2023-2024),Católico,NA,Rodolfo Urtubey Lía Mera Figueroa,Isabel Macedo (https://es.wikipedia.org/wiki/Isabel_Macedo),NA,Marcos Urtubey Lucas Urtubey Mateo Urtubey Juana Urtubey Isabel Urtubey Julia Urtubey,NA,"Juan Manuel Urtubey Mera ( Ciudad de Salta , Argentina ; 6 de septiembre de 1969) es un político , profesor universitario , empresario y abogado argentino , que fue gobernador de la provincia de Salta de 2007 a 2019.",NA,NA,NA,NA,NA,mismo_pais,1969,NA,Gobernador de Salta,NA,NA,Partido Justicialista,1969,NA
rodolfo_urtubey,Rodolfo Urtubey,https://es.wikipedia.org/wiki/Rodolfo_Urtubey,Familia Urtubey,argentina,argentina,27 de marzo de 1959 (66 años) Buenos Aires ( Argentina ),NA,NA,NA,Argentina,"Abogado, político y juez",Partido Justicialista,NA,NA,NA,NA,NA,NA,NA,"Rodolfo Julio Urtubey (n. Buenos Aires; 27 de marzo de 1959) es un dirigente político argentino , abogado , Senador Nacional (mandato cumplido) y exjuez Nacional integrante del Tribunal Oral en lo Criminal N.º 13. Es hermano del exgobernador de la Provincia de Salta, Juan Manuel Urtubey .",NA,NA,NA,NA,NA,mismo_pais,1959,NA,Senador Nacional,exjuez Nacional,NA,Partido Justicialista,1959,NA
diego_simeone,Diego Simeone,https://es.wikipedia.org/wiki/Diego_Simeone,Familia Simeone,argentina,argentina,Buenos Aires 28 de abril de 1970 (55 años),NA,NA,NA,"argentina , española",NA,NA,NA,NA,NA,NA,NA,NA,NA,"Diego Pablo Simeone ( Buenos Aires , 28 de abril de 1970), también conocido deportivamente como « Cholo », es un exfutbolista y entrenador argentino . Dirige desde el 23 de diciembre de 2011 al Club Atlético de Madrid de la Primera División de España , al que ha consolidado en la élite del fútbol europeo . [ 3 ] ​ Es el entrenador con más partidos dirigidos en el Atlético, [ 4 ] ​ y el más laureado en la historia del club con ocho títulos. [ 5 ] ​ Además, fue nombrado por la IFFHS en 2021 « mejor entrenador mundial de la década ». [ 6 ] ​",NA,NA,NA,NA,NA,varias_nacionalidades,1970,NA,Entrenador del Club Atlético de Madrid,NA,NA,NA,1970,NA
gianluca_simeone,Gianluca Simeone,https://es.wikipedia.org/wiki/Gianluca_Simeone,Familia Simeone,argentina,argentina,"Buenos Aires , Argentina 23 de julio de 1998 (27 años)",NA,NA,NA,argentina,NA,NA,NA,NA,NA,NA,NA,NA,NA,"Gianluca Simeone Baldini ( Buenos Aires , Argentina ; 23 de julio de 1998) es un exfutbolista profesional argentino que jugaba como delantero . Su último club fue el Rayo Majadahonda de la Segunda Federación de España .",NA,NA,NA,NA,NA,mismo_pais,1998,NA,Futbolista profesional,NA,NA,NA,1998,NA
giovanni_simeone,Giovanni Simeone,https://es.wikipedia.org/wiki/Giovanni_Simeone,Familia Simeone,argentina,argentina,"Buenos Aires , Argentina [ 5 ] ​ [ 6 ] ​ [ 7 ] ​ 5 de julio de 1995 (30 años)",NA,NA,NA,Argentina Española [ 4 ] ​,NA,NA,NA,NA,NA,NA,NA,NA,NA,"Giovanni Pablo Simeone Baldini , más conocido como Gio Simeone ( Buenos Aires , 5 de julio de 1995), [ 8 ] ​ [ 9 ] ​ es un futbolista argentino que juega como delantero en el Torino Football Club de la Serie A . [ 10 ] ​",NA,NA,NA,NA,NA,nacionalidad_distinta_al_pais,1995,NA,Futbolista,NA,NA,NA,1995,NA
giuliano_simeone,Giuliano Simeone,https://es.wikipedia.org/wiki/Giuliano_Simeone,Familia Simeone,argentina,argentina,"Roma , Lacio , Italia 18 de diciembre de 2002 (23 años)",NA,NA,NA,Argentina Italiana Española,NA,NA,NA,NA,NA,NA,NA,NA,NA,"Giuliano Simeone Baldini ( Roma , Lacio ; 18 de diciembre de 2002) es un futbolista argentino [ 1 ] ​ que juega como delantero en el Atlético de Madrid de la Primera División de España .",NA,NA,NA,NA,NA,nacionalidad_distinta_al_pais,2002,NA,Futbolista,NA,NA,NA,2002,NA
joaqu_in_prieto_warnes,Joaquín Prieto Warnes,https://es.wikipedia.org/wiki/Joaqu%C3%ADn_Prieto_Warnes,Familia Warnes,argentina,argentina,1813,NA,"25 de abril de 1877 Santiago de Chile , Chile Chile",NA,Chilena,diputado y empresario,NA,NA,NA,José Joaquín Prieto Vial (https://es.wikipedia.org/wiki/Jos%C3%A9_Joaqu%C3%ADn_Prieto_Vial); Manuela Warnes García de Zúñiga (https://es.wikipedia.org/wiki/Manuela_Warnes),Primitiva Hurtado Alcalde,NA,José Joaquín (https://es.wikipedia.org/wiki/Joaqu%C3%ADn_Prieto_Hurtado),NA,"Joaquín Prieto Warnes (1813- Santiago de Chile , 25 de abril de 1877), fue un diputado y empresario chileno .",NA,NA,NA,NA,NA,nacionalidad_distinta_al_pais,1813,1877,Diputado,NA,NA,NA,1813,1877
joaqu_in_prieto,Joaquín Prieto,https://es.wikipedia.org/wiki/Joaqu%C3%ADn_Prieto,Familia Warnes,argentina,argentina,"20 de agosto de 1786 Concepción , Capitanía General de Chile",NA,Muerte natural,NA,Chilena,Militar y político,Pelucón,Catolicismo,"Santiago , Chile",José María Prieto Sotomayor Carmen Vial Santelices,Manuela Warnes y García de Zúñiga (https://es.wikipedia.org/wiki/Manuela_Warnes_y_Garc%C3%ADa_de_Z%C3%BA%C3%B1iga),NA,Joaquín Prieto Warnes (https://es.wikipedia.org/wiki/Joaqu%C3%ADn_Prieto_Warnes),NA,"Joaquín Prieto [ nota 1 ] ​ ( Concepción , 20 de agosto de 1786 - Santiago , 22 de noviembre de 1854) [ 2 ] ​ fue un militar y político chileno que ejerció como presidente de la República de Chile entre 1831 y 1836, siendo reelegido para el período inmediatamente siguiente entre 1836 y 1841.",NA,NA,NA,NA,NA,nacionalidad_distinta_al_pais,1786,NA,Presidente de Chile,Militar,NA,Pelucón,1786,1854
baltasar_unquera,Baltasar Unquera,https://es.wikipedia.org/wiki/Baltasar_Unquera,Familia Warnes,argentina,argentina,"6 de enero de 1766 Infiesto, Asturias , España",NA,5 de julio de 1807 Buenos Aires,NA,Española,Militar,NA,NA,NA,NA,Martina Warnes (https://es.wikipedia.org/wiki/Martina_Warnes),NA,NA,NA,NA,NA,NA,NA,NA,NA,nacionalidad_distinta_al_pais,1766,1807,NA,NA,NA,NA,1766,1807
ignacio_warnes,Ignacio Warnes,https://es.wikipedia.org/wiki/Ignacio_Warnes,Familia Warnes,argentina,argentina,"27 de noviembre de 1770 Buenos Aires , virreinato del Perú",NA,Herida por arma de fuego,NA,Española Rioplatense,Militar y político,NA,Católica,NA,Manuel Antonio José Warnes (https://es.wikipedia.org/wiki/Manuel_Antonio_Jos%C3%A9_Warnes); Ana Jacoba García de Zúñiga (https://es.wikipedia.org/wiki/Ana_Jacoba_Garc%C3%ADa_de_Z%C3%BA%C3%B1iga),Micaela Montero,NA,NA,NA,"Ignacio Josef Xavier Warnes [ 1 ] ​ ( Buenos Aires , Imperio español ; 27 de noviembre de 1770 - Santa Cruz de la Sierra , Provincia de Charcas ; 21 de noviembre de 1816) fue un militar argentino que tuvo un importante papel en las batallas de la independencia, sobre todo en el actual departamento de Santa Cruz de la Sierra . Participó en la defensa hispánica contra las invasiones inglesas y jugó un rol destacado en la guerra de Independencia de la Argentina y en la guerra de Independencia de Bolivia .",NA,NA,NA,NA,NA,nacionalidad_distinta_al_pais,1770,NA,Militar argentino,null,null,null,1770,1816
manuela_warnes,Manuela Warnes,https://es.wikipedia.org/wiki/Manuela_Warnes,Familia Warnes,argentina,argentina,"13 de octubre de 1776 Buenos Aires , Virreinato del Río de la Plata , Reino de España",NA,"15 de marzo de 1858 (81 años) Santiago , Chile Chile",NA,Chilena y española,Primera Dama,NA,Católica,NA,Manuel Antonio Warnes (https://es.wikipedia.org/wiki/Manuel_Antonio_Jos%C3%A9_Warnes); Ana Jacoba García de Zúñiga (https://es.wikipedia.org/wiki/Ana_Jacoba_Garc%C3%ADa_de_Z%C3%BA%C3%B1iga),José Joaquín Prieto (https://es.wikipedia.org/wiki/Jos%C3%A9_Joaqu%C3%ADn_Prieto),NA,Joaquín (https://es.wikipedia.org/wiki/Joaqu%C3%ADn_Prieto_Warnes),NA,"Manuela Josefa Warnes y García de Zúñiga ( Buenos Aires , Virreinato del Río de la Plata , 13 de octubre de 1776 - Santiago , Chile , 15 de marzo de 1858) [ 1 ] ​ fue una dama de la alta sociedad argentina , esposa del presidente de Chile José Joaquín Prieto y hermana del militar argentino Ignacio Warnes .",NA,NA,NA,NA,NA,varias_nacionalidades,1776,1858,Esposa del Presidente de Chile,NA,NA,NA,1776,1858
mart_in_jos_e_warnes,Martín José Warnes,https://es.wikipedia.org/wiki/Mart%C3%ADn_Jos%C3%A9_Warnes,Familia Warnes,argentina,argentina,"8 de julio de 1786 Ciudad de Buenos Aires , Virreinato del Río de la Plata",NA,"1842 Valparaíso , Chile",NA,Argentina,Militar,NA,NA,NA,Manuel Antonio José Warnes (https://es.wikipedia.org/wiki/Manuel_Antonio_Jos%C3%A9_Warnes); Ana Jacoba García de Zúñiga (https://es.wikipedia.org/wiki/Ana_Jacoba_Garc%C3%ADa_de_Z%C3%BA%C3%B1iga),NA,NA,NA,NA,"Martín José Warnes (8 de julio de 1786, Ciudad de Buenos Aires , Virreinato del Río de la Plata - fall. 1842, Valparaíso , Chile ) fue un marino argentino que luchó en la Real Armada en la campaña de Trafalgar , en las fuerzas patriotas durante la guerra de Independencia de la Argentina y de Chile , en la escuadra de apoyo a la Expedición Libertadora del Perú y en la Armada Argentina durante la Guerra del Brasil .",NA,NA,NA,NA,NA,mismo_pais,1786,1842,Marino argentino,Luchador por la independencia,NA,NA,1786,1842
martina_warnes,Martina Warnes,https://es.wikipedia.org/wiki/Martina_Warnes,Familia Warnes,argentina,argentina,"24 de noviembre de 1781 Buenos Aires , Virreinato del Río de la Plata ( Imperio español )",NA,Siglo XIX España,NA,Argentina y española,NA,NA,NA,NA,Manuel Antonio José Warnes (https://es.wikipedia.org/wiki/Manuel_Antonio_Jos%C3%A9_Warnes); Ana Jacoba García de Zúñiga (https://es.wikipedia.org/wiki/Ana_Jacoba_Garc%C3%ADa_de_Z%C3%BA%C3%B1iga),Baltasar Unquera (https://es.wikipedia.org/wiki/Baltasar_Unquera),NA,NA,NA,"Martina Warnes y García de Zúñiga fue una patriota argentina , esposa de Baltasar Unquera , marino español, héroe de las invasiones inglesas al Río de la Plata . Es considerada una de las Patricias Argentinas .",NA,NA,NA,NA,NA,varias_nacionalidades,1781,NA,Patriota argentina,NA,NA,NA,1781,NA
joaqu_in_prieto,Joaquín Prieto,https://es.wikipedia.org/wiki/Jos%C3%A9_Joaqu%C3%ADn_Prieto_Vial,Familia Warnes,argentina,argentina,"20 de agosto de 1786 Concepción , Capitanía General de Chile",NA,Muerte natural,NA,Chilena,Militar y político,Pelucón,Catolicismo,"Santiago , Chile",José María Prieto Sotomayor Carmen Vial Santelices,Manuela Warnes y García de Zúñiga (https://es.wikipedia.org/wiki/Manuela_Warnes_y_Garc%C3%ADa_de_Z%C3%BA%C3%B1iga),NA,Joaquín Prieto Warnes (https://es.wikipedia.org/wiki/Joaqu%C3%ADn_Prieto_Warnes),NA,"Joaquín Prieto [ nota 1 ] ​ ( Concepción , 20 de agosto de 1786 - Santiago , 22 de noviembre de 1854) [ 2 ] ​ fue un militar y político chileno que ejerció como presidente de la República de Chile entre 1831 y 1836, siendo reelegido para el período inmediatamente siguiente entre 1836 y 1841.",NA,NA,NA,NA,NA,nacionalidad_distinta_al_pais,1786,NA,Presidente de Chile,Militar,NA,Pelucón,1786,1854
joaqu_in_prieto_hurtado,Joaquín Prieto Hurtado,https://es.wikipedia.org/wiki/Joaqu%C3%ADn_Prieto_Hurtado,Familia Warnes,argentina,argentina,"22 de marzo de 1863 Santiago , Chile",NA,"10 de enero de 1951 (88 años) Viña del Mar , Chile",NA,Chilena,"Abogado , empresario y político",Partido Conservador,NA,NA,Joaquín Prieto Warnes Primitiva Hurtado Alcalde,Lucía Concha Subercaseaux,NA,Joaquín Prieto Concha (https://es.wikipedia.org/wiki/Joaqu%C3%ADn_Prieto_Concha),NA,"José Joaquín Prieto Hurtado ( Santiago , 22 de marzo de 1863- Viña del Mar , 10 de enero de 1951) fue un abogado, ministro de estado y exdiputado chileno .",NA,NA,NA,NA,NA,nacionalidad_distinta_al_pais,1863,1951,Ministro de Estado,Diputado,NA,Partido Conservador,1863,1951
manuela_warnes,Manuela Warnes,https://es.wikipedia.org/wiki/Manuela_Warnes_y_Garc%C3%ADa_de_Z%C3%BA%C3%B1iga,Familia Warnes,argentina,argentina,"13 de octubre de 1776 Buenos Aires , Virreinato del Río de la Plata , Reino de España",NA,"15 de marzo de 1858 (81 años) Santiago , Chile Chile",NA,Chilena y española,Primera Dama,NA,Católica,NA,Manuel Antonio Warnes (https://es.wikipedia.org/wiki/Manuel_Antonio_Jos%C3%A9_Warnes); Ana Jacoba García de Zúñiga (https://es.wikipedia.org/wiki/Ana_Jacoba_Garc%C3%ADa_de_Z%C3%BA%C3%B1iga),José Joaquín Prieto (https://es.wikipedia.org/wiki/Jos%C3%A9_Joaqu%C3%ADn_Prieto),NA,Joaquín (https://es.wikipedia.org/wiki/Joaqu%C3%ADn_Prieto_Warnes),NA,"Manuela Josefa Warnes y García de Zúñiga ( Buenos Aires , Virreinato del Río de la Plata , 13 de octubre de 1776 - Santiago , Chile , 15 de marzo de 1858) [ 1 ] ​ fue una dama de la alta sociedad argentina , esposa del presidente de Chile José Joaquín Prieto y hermana del militar argentino Ignacio Warnes .",NA,NA,NA,NA,NA,varias_nacionalidades,1776,1858,Esposa del Presidente de Chile,NA,NA,NA,1776,1858
manuel_antonio_jos_e_warnes,Manuel Antonio José Warnes,https://es.wikipedia.org/wiki/Manuel_Antonio_Jos%C3%A9_Warnes,Familia Warnes,argentina,argentina,19 de junio de 1727 Cartagena de Indias,NA,"1802 Buenos Aires, Virreinato del Río de la Plata",NA,Española,Alcalde de primer voto del Cabildo de Buenos Aires,NA,NA,Virreinato del Río de la Plata,NA,-María Josefa Benedicta de Arráez Larrazábal -Ana Jacoba García de Zúñiga,NA,Ignacio Warnes (https://es.wikipedia.org/wiki/Ignacio_Warnes); Manuela Warnes y García de Zúñiga (https://es.wikipedia.org/wiki/Manuela_Warnes); Martín José Warnes (https://es.wikipedia.org/wiki/Mart%C3%ADn_Jos%C3%A9_Warnes); Martina Warnes (https://es.wikipedia.org/wiki/Martina_Warnes),NA,"Manuel Antonio José Gervasio Warnes ( Cartagena de Indias , Virreinato de Nueva Granada , 19 de junio de 1727- Buenos Aires , Virreinato del Río de la Plata , 1802) fue un rico mercader español de ascendencia irlandesa que ocupó el cargo de alcalde del Cabildo de Buenos Aires en dos oportunidades y fue padre de los patriotas Ignacio , Martín , Manuela y Martina Warnes .",NA,NA,NA,NA,NA,nacionalidad_distinta_al_pais,1727,1802,Alcalde del Cabildo de Buenos Aires,NA,NA,NA,1727,1802
ana_jacoba_garc_ia_de_z_u_niga,Ana Jacoba García de Zúñiga,https://es.wikipedia.org/wiki/Ana_Jacoba_Garc%C3%ADa_de_Z%C3%BA%C3%B1iga,Familia Warnes,argentina,argentina,27 de julio de 1748 gobernación del Río de la Plata ( Imperio Español ),NA,14 de febrero de 1820 (71 años),NA,Argentina y española,Ejército Patriota,Patriota,NA,NA,Alonso García de Zúñiga (https://es.wikipedia.org/wiki/Alonso_Garc%C3%ADa_de_Z%C3%BA%C3%B1iga),Manuel Antonio José Warnes (https://es.wikipedia.org/wiki/Manuel_Antonio_Jos%C3%A9_Warnes),NA,Ignacio Warnes (https://es.wikipedia.org/wiki/Ignacio_Warnes); Manuela Warnes y García de Zúñiga (https://es.wikipedia.org/wiki/Manuela_Warnes); Martina Warnes (https://es.wikipedia.org/wiki/Martina_Warnes); Martín José Warnes (https://es.wikipedia.org/wiki/Mart%C3%ADn_Jos%C3%A9_Warnes),NA,"Ana Jacoba García de Zúñiga ( Gobernación del Río de la Plata , 1735 - ?) fue una criolla porteña , considerada una de las patricias argentinas . Fue madre de los patriotas Martín e Ignacio Warnes [ 1 ] ​ y hermana de Esteban y Juan Francisco García de Zúñiga .",NA,NA,NA,NA,NA,varias_nacionalidades,1748,1820,Patricia argentina,NA,NA,Patriota,1748,1820
joaqu_in_prieto,Joaquín Prieto,https://es.wikipedia.org/wiki/Jos%C3%A9_Joaqu%C3%ADn_Prieto,Familia Warnes,argentina,argentina,"20 de agosto de 1786 Concepción , Capitanía General de Chile",NA,Muerte natural,NA,Chilena,Militar y político,Pelucón,Catolicismo,"Santiago , Chile",José María Prieto Sotomayor Carmen Vial Santelices,Manuela Warnes y García de Zúñiga (https://es.wikipedia.org/wiki/Manuela_Warnes_y_Garc%C3%ADa_de_Z%C3%BA%C3%B1iga),NA,Joaquín Prieto Warnes (https://es.wikipedia.org/wiki/Joaqu%C3%ADn_Prieto_Warnes),NA,"Joaquín Prieto [ nota 1 ] ​ ( Concepción , 20 de agosto de 1786 - Santiago , 22 de noviembre de 1854) [ 2 ] ​ fue un militar y político chileno que ejerció como presidente de la República de Chile entre 1831 y 1836, siendo reelegido para el período inmediatamente siguiente entre 1836 y 1841.",NA,NA,NA,NA,NA,nacionalidad_distinta_al_pais,1786,NA,Presidente de Chile,Militar,NA,Pelucón,1786,1854
joaqu_in_prieto_concha,Joaquín Prieto Concha,https://es.wikipedia.org/wiki/Joaqu%C3%ADn_Prieto_Concha,Familia Warnes,argentina,argentina,10 de julio de 1892 Santiago de Chile ( Chile ),NA,29 de diciembre de 1976 (84 años) Santiago de Chile (Chile),NA,Chilena,"Abogado , empresario y político",Partido Conservador,Católico,NA,Joaquín Prieto Hurtado (https://es.wikipedia.org/wiki/Joaqu%C3%ADn_Prieto_Hurtado),Rosa Elvira Matte Hurtado,NA,José Joaquín,NA,"Joaquín Prieto Concha ( Santiago , 10 de julio de 1892-Santiago, 29 de diciembre de 1976) fue un abogado , empresario y político chileno , miembro del Partido Conservador . [ 1 ] ​ Se desempeñó como parlamentario en varios periodos legislativos consecutivos, así como ministro de Estado durante los gobiernos de los presidentes Juan Esteban Montero , Arturo Alessandri y Jorge Alessandri , hijo del anterior. [ 1 ] ​",NA,NA,NA,NA,NA,nacionalidad_distinta_al_pais,1892,1976,Ministro de Estado,Parlamentario,NA,Partido Conservador,1892,1976
alonso_garc_ia_de_z_u_niga,Alonso García de Zúñiga,https://es.wikipedia.org/wiki/Alonso_Garc%C3%ADa_de_Z%C3%BA%C3%B1iga,Familia Warnes,argentina,argentina,6 de agosto de 1690 Alcalá del Río ( España ),NA,23 de marzo de 1769 (78 años) Buenos Aires ( Argentina ),NA,Española,Militar y comerciante,NA,NA,NA,NA,Juana de Lizola y Escobar,NA,Esteban Justo García de Zúñiga (https://es.wikipedia.org/wiki/Esteban_Justo_Garc%C3%ADa_de_Z%C3%BA%C3%B1iga); Juan Francisco García de Zúñiga (https://es.wikipedia.org/wiki/Juan_Francisco_Garc%C3%ADa_de_Z%C3%BA%C3%B1iga); Ana Jacoba García de Zúñiga (https://es.wikipedia.org/wiki/Ana_Jacoba_Garc%C3%ADa_de_Z%C3%BA%C3%B1iga),NA,"Alonso Mateo Ginés García de Zúñiga e Higera [ 1 ] ​ ( Alcalá del Río , Sevilla , España 6 de agosto de 1690 - Buenos Aires , Gobernación del Río de la Plata , 23 de marzo de 1769) fue un agente real y mercader del siglo XVII al servicio de la Corona de España .",NA,NA,NA,NA,NA,nacionalidad_distinta_al_pais,1690,1769,Agente real,Mercader,NA,NA,1690,1769
jos_e_manuel_astigueta_hijo,José Manuel Astigueta (hijo),https://es.wikipedia.org/wiki/Jos%C3%A9_Manuel_Astigueta_%28hijo%29,Familia Astigueta,argentina,argentina,1918,NA,NA,NA,Argentina,Diplomático,NA,NA,NA,José Manuel Astigueta (https://es.wikipedia.org/wiki/Jos%C3%A9_Manuel_Astigueta_(padre)),NA,NA,NA,NA,"José Manuel Astigueta ( Buenos Aires , 24 de diciembre de 1918 [ 1 ] ​ [ 2 ] ​-desconocido) fue un abogado y diplomático argentino . Se desempeñó como ministro de Defensa Nacional de la Nación Argentina entre 1962 y 1963 durante el gobierno de José María Guido . Entre 1969 y 1972 fue embajador en la Unión Soviética",NA,NA,NA,NA,NA,mismo_pais,1918,NA,Ministro de Defensa Nacional de Argentina,Embajador en la Unión Soviética,NA,NA,1918,NA
jos_e_manuel_astigueta_padre,José Manuel Astigueta (padre),https://es.wikipedia.org/wiki/Jos%C3%A9_Manuel_Astigueta_%28padre%29,Familia Astigueta,argentina,argentina,"17 de octubre de 1882 Buenos Aires , Argentina",NA,"30 de julio de 1960 (77 años) Buenos Aires, Argentina",NA,Argentina,Abogado,NA,NA,NA,José Mariano Astigueta (https://es.wikipedia.org/wiki/Jos%C3%A9_Mariano_Astigueta_(padre)),María Luisa Cáceres,NA,Felicia José Manuel Fernando Diego Luis María,NA,"José Manuel Astigueta ( Buenos Aires , 17 de octubre de 1882 - ib. , 30 de julio de 1960) fue un abogado argentino que ejerció como ministro de Justicia y Educación de su país durante los últimos meses de la dictadura de Edelmiro J. Farrell .",NA,NA,NA,NA,NA,mismo_pais,1882,1960,Ministro de Justicia,Ministro de Educación,NA,NA,1882,1960
jos_e_mariano_astigueta_nieto,José Mariano Astigueta (nieto),https://es.wikipedia.org/wiki/Jos%C3%A9_Mariano_Astigueta_%28nieto%29,Familia Astigueta,argentina,argentina,22 de abril de 1922 Buenos Aires ( Argentina ),NA,2003,NA,Argentina,Abogado,NA,NA,NA,NA,María Julia Conte Mac Donnell,NA,4,NA,"José Mariano Astigueta ( Buenos Aires , 22 de abril de 1922-Ibídem, julio de 2003) fue un abogado y político argentino. Entre 1962 y 1963 se desempeñó como ministro de Educación y Justicia .",NA,NA,NA,NA,NA,mismo_pais,1922,2003,Ministro de Educación,Ministro de Justicia,NA,NA,1922,2003
jos_e_mariano_astigueta_padre,José Mariano Astigueta (padre),https://es.wikipedia.org/wiki/Jos%C3%A9_Mariano_Astigueta_%28padre%29,Familia Astigueta,argentina,argentina,20 de noviembre de 1850 Salta ( Argentina ),NA,18 de septiembre de 1897 (46 años),NA,Argentina,Médico,Partido Autonomista Nacional,NA,NA,José Estanislao Astigueta María Eduarda Heredia,Angélica Posse,NA,José Manuel Astigueta (https://es.wikipedia.org/wiki/Jos%C3%A9_Manuel_Astigueta_(padre)),NA,"José Mariano Astigueta ( Salta , 20 de noviembre de 1850 - Buenos Aires , 18 de septiembre de 1897) fue un médico y político argentino , que se desempeñó como Ministro de Justicia e Instrucción Pública de su país a fines del siglo XIX , durante la presidencia de Miguel Juárez Celman .",NA,NA,NA,NA,NA,mismo_pais,1850,1897,Ministro de Justicia e Instrucción Pública,NA,NA,Partido Autonomista Nacional,1850,1897
alejandro_awada,Alejandro Awada,https://es.wikipedia.org/wiki/Alejandro_Awada,Familia Awada,argentina,argentina,"7 de diciembre de 1961 (64 años) Villa Ballester , Argentina",NA,NA,NA,Argentina,actor,NA,NA,NA,Abraham Awada Elsa Esther Baker Yessi,Sabrina Farji (https://es.wikipedia.org/wiki/Sabrina_Farji),NA,Naiara Awada,NA,"Alejandro Awada ( Villa Ballester , 7 de diciembre de 1961) es un actor argentino que ha participado en un gran número de películas , programas televisivos y obras de teatro .",NA,NA,NA,NA,NA,mismo_pais,1961,NA,NA,NA,NA,NA,1961,NA
juliana_awada,Juliana Awada,https://es.wikipedia.org/wiki/Juliana_Awada,Familia Awada,argentina,argentina,"3 de abril de 1974 (51 años) Villa Ballester , Argentina",NA,NA,NA,argentina,"empresaria , diseñadora",NA,Católica,"Buenos Aires , Argentina",Abraham Awada Elsa Esther Baker Yessi,Mauricio Macri (https://es.wikipedia.org/wiki/Mauricio_Macri),Bruno Laurent Barbier,2,NA,"María Juliana Awada [ 1 ] ​ ( Villa Ballester , 3 de abril de 1974) es una diseñadora y empresaria textil argentina . Fue primera dama por su matrimonio con Mauricio Macri , presidente de la Nación Argentina desde 2015 hasta 2019.",NA,NA,NA,NA,NA,mismo_pais,1974,NA,Primera Dama de Argentina,NA,NA,NA,1974,NA
sabrina_farji,Sabrina Farji,https://es.wikipedia.org/wiki/Sabrina_Farji,Familia Awada,argentina,argentina,16 de agosto de 1964 (61 años) Buenos Aires ( Argentina ),NA,NA,NA,Argentina,"Realizadora, guionista , directora de cine y profesora",NA,NA,NA,NA,NA,NA,NA,NA,"Sabrina Farji (Buenos Aires, Argentina, 16 de agosto de 1964) [ 1 ] ​ es una directora, guionista y productora. Como artista multidisciplinaria, ha desarrollado su carrera en todas las ramas del audiovisual desde el año en el que estrenó su primer video. Ha exhibido su obra como guionista y productora de cine y televisión.",NA,NA,NA,NA,NA,mismo_pais,1964,NA,NA,NA,NA,NA,1964,NA
mauricio_macri,Mauricio Macri,https://es.wikipedia.org/wiki/Mauricio_Macri,Familia Awada,argentina,argentina,8 de febrero de 1959 (66 años) Tandil ( Argentina ),NA,NA,NA,Argentina e italiana,"Empresario , político e ingeniero civil",Partido Justicialista (1989-2001) Compromiso para el Cambio (2005-2008) Propuesta Republicana (desde 2008),Católica,Quinta presidencial de Olivos,Franco Macri (https://es.wikipedia.org/wiki/Franco_Macri),Juliana Awada (https://es.wikipedia.org/wiki/Juliana_Awada),NA,"Agustina, Gimena, Francisco, Antonia [ 1 ] ​",NA,"Mauricio Macri ( Tandil , Buenos Aires , 8 de febrero de 1959) es un político , ingeniero civil , empresario y dirigente deportivo argentino, que ejerció como presidente de la Nación Argentina entre 2015 [ n. 1 ] ​ y 2019, [ n. 2 ] ​ como jefe de Gobierno de la Ciudad de Buenos Aires entre 2007 y 2015, y como presidente del Club Atlético Boca Juniors entre 1995 y 2007. Desde 2020 se desempeña como presidente ejecutivo de la Fundación FIFA . [ 9 ] ​",NA,NA,NA,NA,NA,nacionalidad_distinta_al_pais,1959,NA,Presidente de Argentina,Jefe de Gobierno de la Ciudad de Buenos Aires,Presidente del Club Atlético Boca Juniors,Propuesta Republicana,1959,NA
franco_macri,Franco Macri,https://es.wikipedia.org/wiki/Franco_Macri,Familia Awada,argentina,argentina,17 de agosto de 1930 Roma ( Reino de Italia ),NA,2 de marzo de 2019 (88 años) Palermo ( Argentina ),NA,Argentina e italiana (1946-2019),Empresario,Frente del Hombre Común (1946-1947),NA,"San Justo , Ciudad Evita y Mar del Plata",Giorgio Macri Lea Lidia Garbini,Alicia Blanco Villegas (1958–1980) Cristina Greffier (1982–1986),NA,Mauricio Macri (https://es.wikipedia.org/wiki/Mauricio_Macri),NA,"Francesco Raoul Macrì ( Roma , 15 de abril de 1930- Buenos Aires , 2 de marzo de 2019), más conocido como Franco Macri , fue un empresario y ejecutivo italiano nacionalizado argentino .",NA,NA,NA,NA,NA,nacionalidad_distinta_al_pais,1930,2019,Empresario,NA,NA,Frente del Hombre Común,1930,2019
juan_barbeito,Juan Barbeito,https://es.wikipedia.org/wiki/Juan_Barbeito,Familia Daract,argentina,argentina,1812 San Luis ( Argentina ),NA,1871 San Luis (Argentina),NA,Argentina,Militar y Político,NA,NA,NA,NA,NA,NA,NA,NA,"Juan A. Barbeito ( San Luis , Argentina , 1812 - San Luis, 1871) fue un político y militar argentino que se desempeñó como gobernador de San Luis entre los años 1862 y 1864. Su mandato estuvo signado por la inestabilidad institucional y las invasiones del caudillo riojano Ángel ""Chacho"" Peñaloza . Familiar de los exgobernadores Justo Daract (hermano de su yerno), Mauricio Daract (yerno), Juan Daract (nieto). Siendo Juan Barbeito casado con Josefa Jiménez-Inguanzo Lucero.",NA,NA,NA,NA,NA,mismo_pais,1812,1871,Gobernador de San Luis,NA,NA,NA,1812,1871
juan_daract,Juan Daract,https://es.wikipedia.org/wiki/Juan_Daract,Familia Daract,argentina,argentina,"1862 San Luis , Argentina",NA,"14 de abril de 1919 San Luis , Argentina",NA,Argentina,"Abogado , político y legislador",NA,NA,NA,Mauricio Daract (https://es.wikipedia.org/wiki/Mauricio_Daract),NA,NA,NA,NA,"Juan Daract ( San Luis , 1862-San Luis, 14 de abril de 1919) fue un abogado, político y legislador argentino . Fue gobernador de la provincia de San Luis desde el 18 de agosto de 1913 hasta el 17 de agosto de 1917.",NA,NA,NA,NA,NA,mismo_pais,1862,1919,Gobernador de San Luis,Legislador,NA,NA,1862,1919
justo_daract,Justo Daract,https://es.wikipedia.org/wiki/Justo_Daract,Familia Daract,argentina,argentina,"1818 San Luis , Argentina",NA,"1884 Villa María , Argentina",NA,Argentina,Militar,Partido Federal,NA,NA,NA,NA,NA,NA,NA,"Justo Daract ( San Luis , 1804-1887) fue un político argentino , gobernador de la provincia de San Luis en las décadas de 1850 y 1860. Familiar de los exgobernadores Mauricio Daract (hermano), Juan Barbeito (suegro de su hermano) y Juan Daract (sobrino).",NA,NA,NA,NA,NA,mismo_pais,1818,1884,Gobernador de San Luis,NA,NA,Partido Federal,1804,1887
mauricio_daract,Mauricio Daract,https://es.wikipedia.org/wiki/Mauricio_Daract,Familia Daract,argentina,argentina,"1807 San Luis , Virreinato del Río de la Plata",NA,"1887 San Luis , Argentina",NA,Argentina,Político,NA,NA,NA,NA,NA,NA,Juan Daract (https://es.wikipedia.org/wiki/Juan_Daract); Mauricio Pastor Daract (https://es.wikipedia.org/wiki/Mauricio_Pastor_Daract),NA,"Mauricio Daract ( San Luis , 1807 - San Luis, septiembre de 1887) fue un comerciante y político argentino , que se desempeñó como diputado nacional y gobernador delegado de la provincia de San Luis durante la segunda mitad del siglo XIX . Era familiar de los exgobernadores Justo Daract (hermano), Juan Barbeito (suegro) y Juan Daract (hijo).",NA,NA,NA,NA,NA,mismo_pais,1807,1887,Diputado Nacional,Gobernador Delegado de San Luis,NA,NA,1807,1887
mauricio_pastor_daract,Mauricio Pastor Daract,https://es.wikipedia.org/wiki/Mauricio_Pastor_Daract,Familia Daract,argentina,argentina,"29 de marzo de 1855 San Luis , Argentina",NA,"25 de diciembre de 1915 (60 años) Buenos Aires , Argentina",NA,Argentina,Abogado Juez,NA,NA,NA,Mauricio Daract (https://es.wikipedia.org/wiki/Mauricio_Daract),Rafaela María Alejandrina Llerena Jurado,NA,NA,NA,"Mauricio Pastor Daract ( San Luis , 29 de marzo de 1855 [ 1 ] ​- Buenos Aires , 25 de diciembre de 1915) fue un Ministro de la Corte Suprema de Justicia de Argentina .",NA,NA,NA,NA,NA,mismo_pais,1855,1915,Ministro de la Corte Suprema de Justicia de Argentina,NA,NA,NA,1855,1915
f_elix_de_alzaga,Félix de Álzaga,https://es.wikipedia.org/wiki/F%C3%A9lix_de_%C3%81lzaga,Familia Álzaga,argentina,argentina,"1792 Buenos Aires, Virreinato del Río de la Plata",NA,"1841 Buenos Aires, Argentina",NA,Argentina,Político y militar,NA,NA,NA,NA,NA,NA,NA,NA,"Félix de Álzaga ( Buenos Aires , julio de 1792 - Buenos Aires, julio de 1841) fue un militar, político y hacendado argentino , que tuvo activa participación en el proceso que llevó al poder a Juan Manuel de Rosas en la provincia de Buenos Aires , y terminó enemistado con este y perseguido por sus partidarios.",Diputado de Argentina,NA,NA,NA,NA,mismo_pais,1792,1841,Diputado de Argentina,NA,NA,NA,1792,1841
mart_in_de_alzaga,Martín de Álzaga,https://es.wikipedia.org/wiki/Mart%C3%ADn_de_%C3%81lzaga,Familia Álzaga,argentina,argentina,27 de septiembre de 1755 Aramayona ( España ),NA,Herida por arma de fuego,NA,Argentina y española,"Político , militar y comerciante de esclavos",NA,NA,NA,NA,NA,NA,Cecilio de Álzaga (https://es.wikipedia.org/wiki/Cecilio_de_%C3%81lzaga),NA,"Martín de Álzaga (Valle de Aramayona , Álava , 11 de noviembre de 1755 - Buenos Aires , Provincias Unidas del Río de la Plata , 6 de julio de 1812) fue un comerciante y político español de importante actuación en el Virreinato del Río de la Plata , especialmente por su participación en el rechazo de las invasiones inglesas .",NA,NA,NA,NA,NA,varias_nacionalidades,1755,NA,Comerciante,Político,NA,NA,1755,1812
cecilio_de_alzaga,Cecilio de Álzaga,https://es.wikipedia.org/wiki/Cecilio_de_%C3%81lzaga,Familia Álzaga,argentina,argentina,"21 de noviembre de 1785 Buenos Aires , Virreinato del Río de la Plata (actual Argentina )",NA,"1845 Cádiz , España",NA,Argentina,Político y empresario,Realista,NA,NA,Blazchu (Alzaga) (https://es.wikipedia.org/wiki/Mart%C3%ADn_de_%C3%81lzaga),Francisca Antonia Martínez,NA,NA,NA,"Cecilio de Álzaga ( Buenos Aires , 21 de noviembre de 1785 - Cádiz , 1845) fue un comerciante y político porteño , tenaz enemigo de la emancipación argentina .",NA,NA,NA,NA,NA,mismo_pais,1785,1845,Comerciante,Político,NA,Realista,1785,1845
jos_e_gregorio_de_lezama,José Gregorio de Lezama,https://es.wikipedia.org/wiki/Jos%C3%A9_Gregorio_de_Lezama,Familia Álzaga,argentina,argentina,"1802 Salta (de la intendencia de Salta del Tucumán , Virreinato del Río de la Plata ) Imperio español",NA,23 de julio de 1889 Buenos Aires Argentina,NA,Argentino,"Comerciante agropecuario , hacendado , empresario , político y filántropo",NA,NA,NA,Francisco Asensio de Lezama y de la Torre (https://es.wikipedia.org/wiki/Francisco_Asensio_de_Lezama),"María Carolina de Álzaga Llorente (1ª nupcias, 1849) Ángela Isaura de Álzaga Llorente (2ª nupcias, 1864)",NA,"Gregorio Maximiliano Lezama Álzaga (del primer matrimonio, f. 1878)",NA,"José Gregorio de Lezama o bien Gregorio Lezama , menos conocido por su mote: Goyo Lezama y nacido como José Gregorio de Lezama y Quiñones ( Salta , 1802– Buenos Aires , 23 de julio de 1889), era un comerciante agropecuario , hacendado , empresario , político , mecenas y filántropo argentino , descendiente de hidalgos coloniales . Una vez radicado en la ciudad de Buenos Aires llegaría a ser poseedor de una gran fortuna, lo cual le permitiría hacerse propietario de varias estancias , figurar en diversas empresas mercantiles argentinas, españolas , inglesas y francesas , relacionarse cordialmente con diferentes políticos de turno como Rosas , Urquiza , Mitre y el uruguayo Flores , entre otros, además de gozar de gran prestigio socio-económico y poseer diversos bienes, como la «Quinta de los Ingleses» que compró en 1857 y que inmediatamente se trasformaría en la tan famosa « Quinta de Lezama » que amplió y embelleció, tanto en el terreno que hiciera construir hermosos senderos rodeados de plantas ornamentales exóticas, columnas con estatuas y un templete griego, además de poseer un zoológico privado, como con su casona a la que transformara en una hermosa mansión de arquitectura italianizante , y en donde residiría hasta sus últimos días.",NA,NA,NA,NA,NA,nacionalidad_distinta_al_pais,1802,1889,Comerciante agropecuario,Hacendado,Filántropo,NA,1802,1889
felicitas_guerrero,Felicitas Guerrero,https://es.wikipedia.org/wiki/Felicitas_Guerrero,Familia Álzaga,argentina,argentina,"26 de febrero de 1846 Buenos Aires , Argentina",NA,"30 de enero de 1872 (25 años) Buenos Aires , Argentina",NA,Argentina,NA,NA,NA,NA,Carlos José Guerrero y Reissig Felicitas Cueto y Montes de Oca,Martín Gregorio de Álzaga y Pérez Llorente,NA,Félix Francisco Solano de Álzaga Guerrero Martín de Álzaga Guerrero,NA,"Felicitas Guerrero , nacida como Felicia Antonia Guadalupe Guerrero y Cueto ( Buenos Aires , 26 de febrero de 1846 – Buenos Aires, 30 de enero de 1872), fue una adinerada dama porteña , considerada en su época como la ""mujer más bella de Argentina "", cuya vida terminaría en forma trágica, inspirando la imaginación de diversos escritores y alcanzando estatus de leyenda de Buenos Aires.",NA,NA,NA,NA,NA,mismo_pais,1846,1872,NA,NA,NA,NA,1846,1872
h_ector_de_el_ia,Héctor de Elía,https://es.wikipedia.org/wiki/H%C3%A9ctor_de_El%C3%ADa,Familia Álzaga,argentina,argentina,"¿27 de febrero de 1858? Río Negro , República Oriental del Uruguay",NA,Arterioesclerosis,NA,argentina,NA,NA,Católico,NA,Genaro de Elía Dolores Trinidad Coe,Elisa María Dickson Keen,Juana Iribarren,NA,NA,"Héctor de Elía ( Río Negro , Uruguay , ¿27 de febrero de 1858? [ 1 ] ​ - Concepción del Uruguay , Uruguay , Entre Ríos , 27 de abril de 1922) fue un estanciero y colonizador argentino . Destacado por fundar las localidades de Villa Elisa ( departamento Colón , Entre Ríos ), Colonia Elía ( departamento Uruguay , Entre Ríos ) y San Jorge ( partido de Laprida , Buenos Aires ). [ 2 ] ​",NA,NA,NA,NA,NA,mismo_pais,1858,NA,NA,NA,NA,NA,1858,1922
mart_in_de_alzaga_unzu_e,Martín de Alzaga Unzué,https://es.wikipedia.org/wiki/Mart%C3%ADn_de_Alzaga_Unzu%C3%A9,Familia Álzaga,argentina,argentina,10 de enero de 1901 Mar del Plata ( Argentina ),NA,15 de noviembre de 1982 Buenos Aires (Argentina),NA,Argentina,"Ingeniero , piloto de automovilismo y playboy",NA,NA,NA,NA,NA,NA,NA,NA,"Martín Máximo Pablo de Álzaga Unzué ( Mar del Plata , 10 de enero de 1901- Buenos Aires , 15 de noviembre de 1982) fue un piloto de automovilismo y playboy argentino . Era descendiente de Martín de Álzaga , un comerciante de origen vasco que luchó al servicio de la reconquista de Buenos Aires en las invasiones inglesas . [ 1 ] ​ En Estados Unidos era conocido como Martín DeAlzaga , en sus tiempos de piloto de carreras.",NA,NA,NA,NA,NA,mismo_pais,1901,1982,NA,NA,NA,NA,1901,1982
josef_de_urquiza,Josef de Urquiza,https://es.wikipedia.org/wiki/Josef_de_Urquiza,Familia Álzaga,argentina,argentina,"29 de octubre de 1762 Castro Urdiales , Castilla la Vieja , España",NA,"10 de marzo de 1829 Buenos Aires , Provincias Unidas del Río de la Plata",NA,Española,"Militar , hacendado y gobernante colonial",NA,Católica,NA,Manuel Antonio de Urquiza María Francisca de Álzaga,María Cándida García,NA,Cipriano de Urquiza (https://es.wikipedia.org/wiki/Cipriano_de_Urquiza); Justo José de Urquiza (https://es.wikipedia.org/wiki/Justo_Jos%C3%A9_de_Urquiza),NA,"Josef de Urquiza y Álzaga ( Castro-Urdiales , España , 29 de octubre de 1762 - Buenos Aires , Provincias Unidas del Río de la Plata , 10 de marzo de 1829) fue un hacendado, político y militar español , que contribuyó a la organización territorial de la provincia de Entre Ríos , en la que fijó su domicilio. Se opuso a la Revolución de Mayo y fue el padre del presidente argentino Justo José de Urquiza .",NA,NA,NA,NA,NA,nacionalidad_distinta_al_pais,1762,1829,Hacendado,Político,Militar,NA,1762,1829
justo_jos_e_de_urquiza,Justo José de Urquiza,https://es.wikipedia.org/wiki/Justo_Jos%C3%A9_de_Urquiza,Familia Álzaga,argentina,argentina,"18 de octubre de 1801 Estancia Talar de Arroyo Largo , cerca de Concepción del Uruguay , Virreinato del Río de la Plata",NA,Homicidio,NA,Argentino,Militar,Partido Federal,Cristiano católico,NA,José Narcisco de Urquiza Maria Cándida Garcia,Dolores Costa (https://es.wikipedia.org/wiki/Dolores_Costa),NA,NA,NA,"Justo José de Urquiza ( Talar de Arroyo Largo , [ 1 ] ​ [ 2 ] ​ Virreinato del Río de la Plata , 18 de octubre de 1801- Palacio San José , Caseros , Entre Ríos , 11 de abril de 1870) fue un militar y político argentino . Fue varias veces gobernador de la provincia de Entre Ríos , líder del Partido Federal y presidente de la Confederación Argentina entre 1854 y 1860.",NA,NA,NA,NA,NA,nacionalidad_distinta_al_pais,1801,NA,Presidente de la Confederación Argentina,Gobernador de Entre Ríos,Líder del Partido Federal,Partido Federal,1801,1870
francisco_asensio_de_lezama,Francisco Asensio de Lezama,https://es.wikipedia.org/wiki/Francisco_Asensio_de_Lezama,Familia Álzaga,argentina,argentina,"4 de octubre de 1766 Baracaldo (del señorío de Vizcaya , Castilla la Vieja ) Reino de España",NA,1 de enero de 1840 (73 años) Buenos Aires (capital de la superintendencia homónima y del Virreinato del Río de la Plata ) Imperio español,NA,Argentina,Militar y funcionario,Patriota argentino,NA,NA,Manuel de Lezama y Vitoria María Manuela Ramona de la Torre y Tapia,María Úrsula Carolina de Quiñones y Arcos Arias-Rengel,NA,"[Véase: "" Descendencia "" .]",NA,"Francisco Asensio de Lezama y de la Torre o simplemente Asensio Lezama o mal escrito como Asencio Lezama o Azencio Lezama ( Baracaldo de Vizcaya , Corona de España , 4 de octubre de 1766– Buenos Aires de la Confederación Argentina , 1 de enero de 1840) era un hidalgo , militar y funcionario vasco - español que al residir en la intendencia de Salta del Tucumán del Virreinato del Río de la Plata , ocupó diversos puestos de cabildante de la ciudad de Salta y en 1802 ocupó el cargo de regidor hasta 1804, fecha en que fue elegido alcalde de segundo voto de la misma urbe. Cuando aconteció la Revolución de Mayo de Buenos Aires que inició la Guerra de la Independencia Argentina , se adhirió a ella, apoyó logísticamente para que se cumpliera el Éxodo Jujeño y donó una buena suma de dinero al Ejército del Norte del general Belgrano .",NA,NA,NA,NA,NA,mismo_pais,1766,1840,Alcalde de Salta,Regidor de Salta,Cabildante de Salta,Patriota argentino,1766,1840
cipriano_de_urquiza,Cipriano de Urquiza,https://es.wikipedia.org/wiki/Cipriano_de_Urquiza,Familia Álzaga,argentina,argentina,25 de septiembre de 1789 Concepción del Uruguay ( Argentina ),NA,26 de enero de 1844 (54 años) Nogoyá (Argentina),NA,Argentina,"Ganadero , comerciante y político",NA,NA,NA,Josef de Urquiza (https://es.wikipedia.org/wiki/Josef_de_Urquiza),NA,NA,NA,NA,"Cipriano José de Urquiza ( Concepción del Uruguay , Virreinato del Río de la Plata , 25 de septiembre de 1789 - Nogoyá , Argentina , 26 de enero de 1844) fue un ganadero, comerciante y político argentino , que tuvo activa participación en la política de la Provincia de Entre Ríos durante la primera mitad del siglo XIX , especialmente notable por haber sido hermano y colaborador del gobernador –y futuro presidente– Justo José de Urquiza .",NA,NA,NA,NA,NA,mismo_pais,1789,1844,Político de Entre Ríos,NA,NA,NA,1789,1844
dolores_costa,Dolores Costa,https://es.wikipedia.org/wiki/Dolores_Costa,Familia Álzaga,argentina,argentina,"27 de noviembre de 1831 Buenos Aires , Argentina",NA,"8 de noviembre de 1896 (64 años) Buenos Aires , Argentina",NA,Argentina,Política,Partido Federal,NA,NA,NA,Justo José de Urquiza (https://es.wikipedia.org/wiki/Justo_Jos%C3%A9_de_Urquiza),NA,11,NA,"Facunda Dolores Costa Brizuela ( Buenos Aires , Argentina , 27 de noviembre de 1831 - Buenos Aires, 8 de noviembre de 1896) fue esposa del expresidente de Argentina Justo José de Urquiza .",NA,NA,NA,NA,NA,mismo_pais,1831,1896,Esposa de expresidente de Argentina,NA,NA,Partido Federal,1831,1896
vicente_barrios,Vicente Barrios,https://es.wikipedia.org/wiki/Vicente_Barrios,Familia López Carrillo,argentina,argentina,"5 de abril de 1825 Asunción , Paraguay",NA,Herida por arma de fuego,NA,Paraguaya,Militar,NA,NA,NA,•José García del Barrio •Manuela Tadea Díaz de Bedoya y Barrios,Juana Inocencia López Carrillo de Barrios (Matr. 1856; Viu.1868),NA,Carlos José Barrios López (1858); Juana Francisca Venancia Dolores Barrios López (1861- ¿?),NA,"Vicente del Carmen Barrios y Bedoya ( Asunción , Paraguay , 5 de abril de 1825-21 de diciembre de 1868, Potrero Mármol ) fue un general y político paraguayo, yerno del presidente Carlos Antonio López . Bajo López y su sucesor, el mariscal y presidente Francisco Solano López , Barrios ocupó muchos cargos durante los primeros años de la Guerra del Paraguay y participó en las primeras batallas y campañas de la guerra.",NA,NA,NA,NA,NA,nacionalidad_distinta_al_pais,1825,NA,General,Político,NA,NA,1825,1868
h_ector_pedro_blomberg,Héctor Pedro Blomberg,https://es.wikipedia.org/wiki/H%C3%A9ctor_Pedro_Blomberg,Familia López Carrillo,argentina,argentina,18 de marzo de 1890 o 18 de marzo de 1889 Buenos Aires ( Argentina ),NA,3 de abril de 1955 Buenos Aires (Argentina),NA,Argentina,"Periodista , escritor , poeta , guionista y letrista",NA,NA,NA,NA,NA,NA,NA,NA,"Héctor Pedro Blomberg ( Buenos Aires , 18 de marzo de 1889 - m. 3 de abril de 1955) fue un poeta , guionista , comediógrafo y periodista argentino . En su obra retrató la vida de marineros embarcados, en barrios portuarios de distintas partes del mundo. Es autor de famosas canciones junto al guitarrista Enrique Maciel entre los que se destaca el vals La pulpera de Santa Lucía , que sería interpretado por su amigo Ignacio Corsini .",NA,NA,NA,NA,NA,mismo_pais,1890,1955,NA,NA,NA,NA,1889,1955
juana_pabla_carrillo,Juana Pabla Carrillo,https://es.wikipedia.org/wiki/Juana_Pabla_Carrillo,Familia López Carrillo,argentina,argentina,"24 de junio de 1807 Asunción , Intendencia del Paraguay , Virreinato del Río de la Plata , Imperio español",NA,"12 de julio de 1872 (65 años) Asunción , Paraguay",NA,Paraguaya,Primera dama,NA,NA,NA,Pedro José Ignacio Carrillo y María Magdalena Viana,Carlos Antonio López (https://es.wikipedia.org/wiki/Carlos_Antonio_L%C3%B3pez),NA,Francisco Solano López (https://es.wikipedia.org/wiki/Francisco_Solano_L%C3%B3pez); Venancio López (https://es.wikipedia.org/wiki/Venancio_L%C3%B3pez),NA,"Juana Pabla Carrillo Viana ( Asunción , 24 de junio de 1807-Asunción, 12 de julio de 1872) fue una ciudadana destacada de la sociedad paraguaya del siglo XIX , reconocida por su rol como primera dama de la República del Paraguay durante el gobierno de su esposo, el presidente Carlos Antonio López , entre 1844 y 1862. Fue madre del presidente Francisco Solano López , quien sucedió a su padre en el ejercicio del poder. Su figura está asociada al surgimiento de la estructura republicana del Estado paraguayo tras el período consular, siendo la primera persona en ejercer formalmente el cargo protocolar de primera dama desde su creación en 1844. Su presencia en la vida política y social de la época se limitó al ámbito doméstico y familiar, en consonancia con las normas sociales del periodo. Fue sucedida en el cargo simbólico por Elisa Alicia Lynch .",NA,NA,NA,NA,NA,nacionalidad_distinta_al_pais,1807,1872,Primera dama de Paraguay,NA,NA,NA,1807,1872
ercilia_l_opez_de_blomberg,Ercilia López de Blomberg,https://es.wikipedia.org/wiki/Ercilia_L%C3%B3pez_de_Blomberg,Familia López Carrillo,argentina,argentina,"11 de agosto de 1865 Asunción , Paraguay",NA,"1962 (97 años) Asunción , Paraguay",NA,paraguaya,NA,NA,NA,NA,Venancio López (https://es.wikipedia.org/wiki/Venancio_L%C3%B3pez),Pedro Blomberg,NA,Héctor Pedro Blomberg (https://es.wikipedia.org/wiki/H%C3%A9ctor_Pedro_Blomberg),NA,"Ercilia López de Blomberg ( Asunción , Paraguay , 11 de agosto de 1865- Ibídem , 1962) [ 1 ] ​ fue una poeta , ensayista y novelista del Paraguay .",NA,NA,NA,NA,NA,nacionalidad_distinta_al_pais,1865,1962,NA,NA,NA,NA,1865,1962
arsenio_l_opez_decoud,Arsenio López Decoud,https://es.wikipedia.org/wiki/Arsenio_L%C3%B3pez_Decoud,Familia López Carrillo,argentina,argentina,"4 de junio de 1867 Asunción , Paraguay",NA,"16 de junio de 1945 (78 años) Asunción, Paraguay",NA,Paraguaya,NA,Partido Colorado,NA,NA,NA,NA,NA,NA,NA,"Arsenio López Decoud ( Asunción , 4 de junio de 1867-16 de junio de 1945) fue un periodista y político paraguayo que ejerció como intendente de Asunción en 1911. Es sobrino de Francisco Solano López y nieto de Carlos Antonio López . (2.º y 1. er Presidente de la República del Paraguay, respectivamente).",NA,NA,NA,NA,NA,nacionalidad_distinta_al_pais,1867,1945,Intendente de Asunción,NA,NA,Partido Colorado,1867,1945
carlos_antonio_l_opez,Carlos Antonio López,https://es.wikipedia.org/wiki/Carlos_Antonio_L%C3%B3pez,Familia López Carrillo,argentina,argentina,"4 de noviembre de 1792 Casa quinta de Miguel Cirilo López, distrito de la Recoleta, Asunción , Virreinato del Río de la Plata , Imperio español",NA,Paro cardiorrespiratorio,NA,Paraguaya,"político , estadista , jurista , maestro , periodista",Independiente,Catolicismo,"Ybyray, Casa Alta y Villa del Rosario",Miguel Cirilo López de Villamayor Melchora Agustina Ynsfrán Ascona,Juana Pabla Carrillo (https://es.wikipedia.org/wiki/Juana_Pabla_Carrillo),NA,Francisco Solano López (https://es.wikipedia.org/wiki/Francisco_Solano_L%C3%B3pez); Venancio López (https://es.wikipedia.org/wiki/Venancio_L%C3%B3pez),NA,"Carlos Antonio López Insfrán ( Asunción , 4 de noviembre de 1792 [ 3 ] ​-Asunción, 10 de septiembre de 1862) fue un político , periodista , jurista , maestro y estadista paraguayo . Ocupó los cargos de cónsul y presidente respectivamente. Electo como primer cónsul junto con Mariano Roque Alonso como segundo por el quinto Congreso Nacional en 1841. Al término del consulado se llamó a congreso en 1844, y se aprobó la Ley que establece la Administración Pública, primera norma política fundamental en la historia del Paraguay independiente. Es considerado el primer presidente constitucional del Paraguay , ya que con él se inicia el período constitucional que duraría hasta 1870. [ 4 ] ​",NA,NA,NA,NA,NA,nacionalidad_distinta_al_pais,1792,NA,Cónsul de Paraguay,Presidente de Paraguay,NA,Independiente,1792,1862
francisco_solano_l_opez,Francisco Solano López,https://es.wikipedia.org/wiki/Francisco_Solano_L%C3%B3pez,Familia López Carrillo,argentina,argentina,"24 de julio de 1827 Casa quinta de Miguel Cirilo López, distrito de la Recoleta en Asunción , Paraguay",NA,Muerto en combate,NA,Paraguaya,militar y diplomático,Independiente,Catolicismo,"Casa Baja , Asunción",Carlos Antonio López (https://es.wikipedia.org/wiki/Carlos_Antonio_L%C3%B3pez); Juana Pabla Carrillo (https://es.wikipedia.org/wiki/Juana_Pabla_Carrillo),NA,Juana Pesoa (https://es.wikipedia.org/wiki/Juana_Pesoa); Saturnina Burgos (https://es.wikipedia.org/wiki/Saturnina_Burgos); Elisa Alicia Lynch (https://es.wikipedia.org/wiki/Elisa_Alicia_Lynch),Juan Francisco (https://es.wikipedia.org/wiki/Juan_Francisco_L%C3%B3pez); Enrique Venancio (https://es.wikipedia.org/wiki/Enrique_Solano_L%C3%B3pez),NA,"Francisco Solano López Carrillo ( Asunción , 24 de julio de 1827 [ 2 ] ​ - Cerro Corá , 1 de marzo de 1870) fue un político , militar y estadista paraguayo . Ejerció como el segundo presidente constitucional de Paraguay , cargo que ocupó desde el 16 de octubre de 1862 hasta su muerte el 1 de marzo de 1870. Previamente, desde el 10 de septiembre de 1862 ostentó el cargo de vicepresidente de la República al fallecimiento de su padre. Se desempeñó como comandante en jefe de las Fuerzas Armadas , siendo el responsable de dotar al Ejército Paraguayo con la tecnología del siglo XIX y sirvió como diplomático en representación de Paraguay ante varias cortes europeas antes de suceder a su padre Carlos Antonio López en 1862 como presidente constitucional de la República , cargo que ocupó durante toda la guerra de la Triple Alianza .",NA,NA,NA,NA,NA,nacionalidad_distinta_al_pais,1827,NA,Presidente de Paraguay,Vicepresidente de Paraguay,Comandante en jefe de las Fuerzas Armadas,Independiente,1827,1870
juan_francisco_l_opez,Juan Francisco López,https://es.wikipedia.org/wiki/Juan_Francisco_L%C3%B3pez,Familia López Carrillo,argentina,argentina,"31 de enero de 1855 Buenos Aires , Confederación Argentina",NA,Herida por arma de fuego,NA,Paraguaya,Militar,NA,Católica,NA,Francisco Solano López (https://es.wikipedia.org/wiki/Francisco_Solano_L%C3%B3pez); Elisa Alicia Lynch (https://es.wikipedia.org/wiki/Elisa_Alicia_Lynch),NA,NA,NA,NA,"Juan Francisco López Lynch ( Buenos Aires , 31 de enero de 1855 - Cerro Corá , 1 de marzo de 1870) fue hijo primogénito de Elisa Alicia Lynch , y sexto del Mariscal Francisco Solano López , a quien acompañó en la Guerra de la Triple Alianza .",NA,NA,NA,NA,NA,nacionalidad_distinta_al_pais,1855,NA,Militar,NA,NA,NA,1855,1870
venancio_l_opez,Venancio López,https://es.wikipedia.org/wiki/Venancio_L%C3%B3pez,Familia López Carrillo,argentina,argentina,"18 de mayo de 1830, Asunción , Paraguay",NA,"5 de febrero de 1870 Cerro Corá , Amambay , Paraguay",NA,Paraguaya,Militar y Político,NA,Católica,NA,Carlos Antonio López (https://es.wikipedia.org/wiki/Carlos_Antonio_L%C3%B3pez); Juana Pabla Carrillo (https://es.wikipedia.org/wiki/Juana_Pabla_Carrillo),NA,Manuela Otazú (1864-1870),Ercilia López Otazú de Blomberg (https://es.wikipedia.org/wiki/Ercilia_L%C3%B3pez_de_Blomberg),NA,"Venancio López Carrillo ( Asunción , Paraguay , 18 de mayo de 1830- Cerro Corá , Amambay , Paraguay , 5 de febrero de 1870) fue un militar y político paraguayo que ocupó el Ministerio de Guerra y Marina y la Comandancia Militar de Asunción. Era hijo del primer presidente constitucional del Paraguay , Carlos Antonio López , y hermano del sucesor de éste, Francisco Solano López .",NA,NA,NA,NA,NA,nacionalidad_distinta_al_pais,1830,1870,Ministro de Guerra y Marina,Comandante Militar de Asunción,NA,NA,1830,1870
elisa_alicia_lynch,Elisa Alicia Lynch,https://es.wikipedia.org/wiki/Elisa_Alicia_Lynch,Familia López Carrillo,argentina,argentina,"19 de noviembre de 1833 Cork , Irlanda , Reino Unido de Gran Bretaña e Irlanda (actual República de Irlanda )",NA,Cáncer de estómago,NA,Británica,Primera dama,NA,NA,NA,Jane Clarke Lloyd y John Lynch,Xavier Quatrefages ( matr. 1849; div. 1853),Francisco Solano López (https://es.wikipedia.org/wiki/Francisco_Solano_L%C3%B3pez),Juan Francisco (https://es.wikipedia.org/wiki/Juan_Francisco_L%C3%B3pez),NA,"Eliza Alice Lynch Loyd , conocida como Elisa Lynch y usualmente como Madame Lynch ( Condado de Cork , Irlanda , 19 de noviembre de 1833- París , Francia , 25 de julio de 1886) fue una figura pública de la historia de Paraguay , que ejerció como virtual primera dama durante el gobierno del presidente de la República del Paraguay , Francisco Solano López (1862-1870), a quien acompañó hasta su muerte como concubina . Esta mujer irlandesa fue una de las varias compañeras de Francisco Solano López .",NA,NA,NA,NA,NA,nacionalidad_distinta_al_pais,1833,NA,Primera Dama de Paraguay,NA,NA,NA,1833,1886
